2025-09-28 15:50:11,860 - INFO - 开始多线程处理 837 个单词，最大并发数: 5，延迟: 0.5秒
2025-09-28 15:51:06,935 - INFO - HTTP Request: POST https://api.moonshot.cn/v1/chat/completions "HTTP/1.1 200 OK"
2025-09-28 15:51:06,955 - INFO - Successfully processed word: buckle up 系安全带
2025-09-28 15:51:06,958 - ERROR - Future execution failed for [5]: buckle up 系安全带 -> 'gbk' codec can't encode character '\u2713' in position 2: illegal multibyte sequence
2025-09-28 15:51:09,887 - INFO - HTTP Request: POST https://api.moonshot.cn/v1/chat/completions "HTTP/1.1 200 OK"
2025-09-28 15:51:09,898 - INFO - Successfully processed word: appointment 约会，约定
2025-09-28 15:51:09,902 - ERROR - Future execution failed for [3]: appointment 约会，约定 -> 'gbk' codec can't encode character '\u2713' in position 2: illegal multibyte sequence
2025-09-28 15:51:12,641 - INFO - Retrying request to /chat/completions in 0.486004 seconds
2025-09-28 15:51:12,642 - INFO - Retrying request to /chat/completions in 0.472097 seconds
2025-09-28 15:51:12,642 - INFO - Retrying request to /chat/completions in 0.447261 seconds
2025-09-28 15:52:06,972 - INFO - Retrying request to /chat/completions in 0.417819 seconds
2025-09-28 15:52:09,903 - INFO - Retrying request to /chat/completions in 0.472176 seconds
2025-09-28 15:52:10,747 - INFO - HTTP Request: POST https://api.moonshot.cn/v1/chat/completions "HTTP/1.1 200 OK"
2025-09-28 15:52:10,748 - INFO - Successfully processed word: office matters  办公室事宜
2025-09-28 15:52:10,752 - ERROR - Future execution failed for [1]: office matters  办公室事宜 -> 'gbk' codec can't encode character '\u2713' in position 2: illegal multibyte sequence
2025-09-28 15:52:12,360 - INFO - HTTP Request: POST https://api.moonshot.cn/v1/chat/completions "HTTP/1.1 200 OK"
2025-09-28 15:52:12,361 - INFO - Successfully processed word: accelerate 加速；促进；前进
2025-09-28 15:52:12,364 - ERROR - Future execution failed for [4]: accelerate 加速；促进；前进 -> 'gbk' codec can't encode character '\u2713' in position 2: illegal multibyte sequence
2025-09-28 15:52:13,564 - INFO - Retrying request to /chat/completions in 0.961131 seconds
2025-09-28 15:53:30,010 - INFO - 开始多线程处理 837 个单词，最大并发数: 45，延迟: 0.5秒
2025-09-28 15:54:24,223 - INFO - HTTP Request: POST https://api.moonshot.cn/v1/chat/completions "HTTP/1.1 200 OK"
2025-09-28 15:54:24,229 - INFO - Successfully processed word: punctualit 准时；守时
2025-09-28 15:54:24,232 - ERROR - Future execution failed for [15]: punctualit 准时；守时 -> 'gbk' codec can't encode character '\u2713' in position 2: illegal multibyte sequence
2025-09-28 15:54:25,102 - INFO - HTTP Request: POST https://api.moonshot.cn/v1/chat/completions "HTTP/1.1 200 OK"
2025-09-28 15:54:25,103 - INFO - Successfully processed word: highway
2025-09-28 15:54:25,106 - ERROR - Future execution failed for [19]: highway -> 'gbk' codec can't encode character '\u2713' in position 2: illegal multibyte sequence
2025-09-28 15:54:25,524 - INFO - HTTP Request: POST https://api.moonshot.cn/v1/chat/completions "HTTP/1.1 200 OK"
2025-09-28 15:54:25,525 - INFO - Successfully processed word: appointment 约会，约定
2025-09-28 15:54:25,527 - ERROR - Future execution failed for [3]: appointment 约会，约定 -> 'gbk' codec can't encode character '\u2713' in position 2: illegal multibyte sequence
2025-09-28 15:54:25,946 - INFO - HTTP Request: POST https://api.moonshot.cn/v1/chat/completions "HTTP/1.1 200 OK"
2025-09-28 15:54:25,947 - INFO - Successfully processed word: cabin 小屋；客舱；机舱
2025-09-28 15:54:25,951 - ERROR - Future execution failed for [28]: cabin 小屋；客舱；机舱 -> 'gbk' codec can't encode character '\u2713' in position 2: illegal multibyte sequence
2025-09-28 15:54:27,996 - INFO - HTTP Request: POST https://api.moonshot.cn/v1/chat/completions "HTTP/1.1 200 OK"
2025-09-28 15:54:27,997 - INFO - Successfully processed word: launch 发射；开始
2025-09-28 15:54:27,999 - ERROR - Future execution failed for [13]: launch 发射；开始 -> 'gbk' codec can't encode character '\u2713' in position 2: illegal multibyte sequence
2025-09-28 15:54:28,177 - INFO - HTTP Request: POST https://api.moonshot.cn/v1/chat/completions "HTTP/1.1 200 OK"
2025-09-28 15:54:28,178 - INFO - Successfully processed word: pilot 飞行员
2025-09-28 15:54:28,182 - ERROR - Future execution failed for [16]: pilot 飞行员 -> 'gbk' codec can't encode character '\u2713' in position 2: illegal multibyte sequence
2025-09-28 15:54:29,006 - INFO - HTTP Request: POST https://api.moonshot.cn/v1/chat/completions "HTTP/1.1 200 OK"
2025-09-28 15:54:29,008 - INFO - Successfully processed word: airliner 大型客机
2025-09-28 15:54:29,012 - ERROR - Future execution failed for [26]: airliner 大型客机 -> 'gbk' codec can't encode character '\u2713' in position 2: illegal multibyte sequence
2025-09-28 15:54:29,090 - INFO - HTTP Request: POST https://api.moonshot.cn/v1/chat/completions "HTTP/1.1 200 OK"
2025-09-28 15:54:29,091 - INFO - Successfully processed word: pedestrian 行人；步行者
2025-09-28 15:54:29,094 - ERROR - Future execution failed for [43]: pedestrian 行人；步行者 -> 'gbk' codec can't encode character '\u2713' in position 2: illegal multibyte sequence
2025-09-28 15:54:29,342 - INFO - HTTP Request: POST https://api.moonshot.cn/v1/chat/completions "HTTP/1.1 200 OK"
2025-09-28 15:54:29,343 - INFO - Successfully processed word: convertible 敞篷车
2025-09-28 15:54:29,345 - ERROR - Future execution failed for [8]: convertible 敞篷车 -> 'gbk' codec can't encode character '\u2713' in position 2: illegal multibyte sequence
2025-09-28 15:54:29,354 - INFO - HTTP Request: POST https://api.moonshot.cn/v1/chat/completions "HTTP/1.1 200 OK"
2025-09-28 15:54:29,354 - INFO - Successfully processed word: ferry 渡轮
2025-09-28 15:54:29,356 - ERROR - Future execution failed for [33]: ferry 渡轮 -> 'gbk' codec can't encode character '\u2713' in position 2: illegal multibyte sequence
2025-09-28 15:54:30,821 - INFO - Retrying request to /chat/completions in 0.458309 seconds
2025-09-28 15:54:30,822 - INFO - Retrying request to /chat/completions in 0.434496 seconds
2025-09-28 15:54:30,822 - INFO - Retrying request to /chat/completions in 0.487237 seconds
2025-09-28 15:54:30,822 - INFO - Retrying request to /chat/completions in 0.472570 seconds
2025-09-28 15:54:30,822 - INFO - Retrying request to /chat/completions in 0.375363 seconds
2025-09-28 15:54:30,823 - INFO - Retrying request to /chat/completions in 0.491616 seconds
2025-09-28 15:54:30,823 - INFO - Retrying request to /chat/completions in 0.411577 seconds
2025-09-28 15:54:30,823 - INFO - Retrying request to /chat/completions in 0.439825 seconds
2025-09-28 15:54:30,823 - INFO - Retrying request to /chat/completions in 0.375091 seconds
2025-09-28 15:54:30,884 - INFO - Retrying request to /chat/completions in 0.419067 seconds
2025-09-28 15:54:30,884 - INFO - Retrying request to /chat/completions in 0.414301 seconds
2025-09-28 15:54:30,885 - INFO - Retrying request to /chat/completions in 0.472971 seconds
2025-09-28 15:54:30,885 - INFO - Retrying request to /chat/completions in 0.424228 seconds
2025-09-28 15:54:30,885 - INFO - Retrying request to /chat/completions in 0.377192 seconds
2025-09-28 15:54:30,886 - INFO - Retrying request to /chat/completions in 0.380882 seconds
2025-09-28 15:54:30,886 - INFO - Retrying request to /chat/completions in 0.439949 seconds
2025-09-28 15:54:30,886 - INFO - Retrying request to /chat/completions in 0.465080 seconds
2025-09-28 15:54:30,886 - INFO - Retrying request to /chat/completions in 0.462911 seconds
2025-09-28 15:54:30,887 - INFO - Retrying request to /chat/completions in 0.385904 seconds
2025-09-28 15:54:30,887 - INFO - Retrying request to /chat/completions in 0.376337 seconds
2025-09-28 15:54:30,900 - INFO - Retrying request to /chat/completions in 0.404111 seconds
2025-09-28 15:54:30,900 - INFO - Retrying request to /chat/completions in 0.452539 seconds
2025-09-28 15:54:30,962 - INFO - Retrying request to /chat/completions in 0.375478 seconds
2025-09-28 15:54:30,962 - INFO - Retrying request to /chat/completions in 0.497196 seconds
2025-09-28 15:54:30,963 - INFO - Retrying request to /chat/completions in 0.473194 seconds
2025-09-28 15:54:30,963 - INFO - Retrying request to /chat/completions in 0.467772 seconds
2025-09-28 15:54:30,964 - INFO - Retrying request to /chat/completions in 0.421951 seconds
2025-09-28 15:54:30,964 - INFO - Retrying request to /chat/completions in 0.474386 seconds
2025-09-28 15:54:30,964 - INFO - Retrying request to /chat/completions in 0.444722 seconds
2025-09-28 15:54:30,964 - INFO - Retrying request to /chat/completions in 0.424144 seconds
2025-09-28 15:54:30,965 - INFO - Retrying request to /chat/completions in 0.390172 seconds
2025-09-28 15:54:30,965 - INFO - Retrying request to /chat/completions in 0.406411 seconds
2025-09-28 15:54:30,965 - INFO - Retrying request to /chat/completions in 0.407255 seconds
2025-09-28 15:54:30,965 - INFO - Retrying request to /chat/completions in 0.422104 seconds
2025-09-28 15:54:30,966 - INFO - Retrying request to /chat/completions in 0.481351 seconds
2025-09-28 15:55:18,823 - INFO - HTTP Request: POST https://api.moonshot.cn/v1/chat/completions "HTTP/1.1 200 OK"
2025-09-28 15:55:18,825 - INFO - Successfully processed word: tardy 迟缓；迟到的；迟延的
2025-09-28 15:55:18,828 - ERROR - Future execution failed for [52]: tardy 迟缓；迟到的；迟延的 -> 'gbk' codec can't encode character '\u2713' in position 2: illegal multibyte sequence
2025-09-28 15:55:23,972 - INFO - HTTP Request: POST https://api.moonshot.cn/v1/chat/completions "HTTP/1.1 200 OK"
2025-09-28 15:55:23,973 - INFO - Successfully processed word: directory 人名住址薄
2025-09-28 15:55:23,976 - ERROR - Future execution failed for [7]: directory 人名住址薄 -> 'gbk' codec can't encode character '\u2713' in position 2: illegal multibyte sequence
2025-09-28 15:55:24,242 - INFO - Retrying request to /chat/completions in 0.462713 seconds
2025-09-28 15:55:24,606 - INFO - HTTP Request: POST https://api.moonshot.cn/v1/chat/completions "HTTP/1.1 200 OK"
2025-09-28 15:55:24,607 - INFO - Successfully processed word: subway 地铁 （注意区分
2025-09-28 15:55:24,610 - ERROR - Future execution failed for [18]: subway 地铁 （注意区分 -> 'gbk' codec can't encode character '\u2713' in position 2: illegal multibyte sequence
2025-09-28 15:55:25,111 - INFO - Retrying request to /chat/completions in 0.423642 seconds
2025-09-28 15:55:25,534 - INFO - Retrying request to /chat/completions in 0.468199 seconds
2025-09-28 15:55:25,654 - INFO - HTTP Request: POST https://api.moonshot.cn/v1/chat/completions "HTTP/1.1 200 OK"
2025-09-28 15:55:25,656 - INFO - Successfully processed word: shortcut 近路；捷径
2025-09-28 15:55:25,659 - ERROR - Future execution failed for [49]: shortcut 近路；捷径 -> 'gbk' codec can't encode character '\u2713' in position 2: illegal multibyte sequence
2025-09-28 15:55:28,001 - INFO - Retrying request to /chat/completions in 0.439039 seconds
2025-09-28 15:55:28,008 - INFO - HTTP Request: POST https://api.moonshot.cn/v1/chat/completions "HTTP/1.1 200 OK"
2025-09-28 15:55:28,009 - INFO - Successfully processed word: accelerate 加速；促进；前进
2025-09-28 15:55:28,013 - ERROR - Future execution failed for [4]: accelerate 加速；促进；前进 -> 'gbk' codec can't encode character '\u2713' in position 2: illegal multibyte sequence
2025-09-28 15:55:28,188 - INFO - Retrying request to /chat/completions in 0.434562 seconds
2025-09-28 15:55:29,104 - INFO - Retrying request to /chat/completions in 0.441237 seconds
2025-09-28 15:55:29,352 - INFO - Retrying request to /chat/completions in 0.398214 seconds
2025-09-28 15:55:29,367 - INFO - Retrying request to /chat/completions in 0.470584 seconds
2025-09-28 15:55:31,566 - INFO - Retrying request to /chat/completions in 0.759267 seconds
2025-09-28 15:55:31,581 - INFO - Retrying request to /chat/completions in 0.975635 seconds
2025-09-28 15:55:31,582 - INFO - Retrying request to /chat/completions in 0.763368 seconds
2025-09-28 15:55:31,582 - INFO - Retrying request to /chat/completions in 0.883860 seconds
2025-09-28 15:55:31,583 - INFO - Retrying request to /chat/completions in 0.918925 seconds
2025-09-28 15:55:31,583 - INFO - Retrying request to /chat/completions in 0.931712 seconds
2025-09-28 15:55:31,583 - INFO - Retrying request to /chat/completions in 0.876152 seconds
2025-09-28 15:55:31,583 - INFO - Retrying request to /chat/completions in 0.995986 seconds
2025-09-28 15:55:31,583 - INFO - Retrying request to /chat/completions in 0.867103 seconds
2025-09-28 15:55:31,584 - INFO - Retrying request to /chat/completions in 0.963652 seconds
2025-09-28 15:55:31,597 - INFO - Retrying request to /chat/completions in 0.801629 seconds
2025-09-28 15:55:31,612 - INFO - Retrying request to /chat/completions in 0.956122 seconds
2025-09-28 15:55:31,613 - INFO - Retrying request to /chat/completions in 0.894224 seconds
2025-09-28 15:55:31,628 - INFO - Retrying request to /chat/completions in 0.870663 seconds
2025-09-28 15:55:31,628 - INFO - Retrying request to /chat/completions in 0.822723 seconds
2025-09-28 15:55:31,629 - INFO - Retrying request to /chat/completions in 0.826475 seconds
2025-09-28 15:55:31,629 - INFO - Retrying request to /chat/completions in 0.851742 seconds
2025-09-28 15:55:31,629 - INFO - Retrying request to /chat/completions in 0.890881 seconds
2025-09-28 15:55:31,644 - INFO - Retrying request to /chat/completions in 0.786462 seconds
2025-09-28 15:55:31,644 - INFO - Retrying request to /chat/completions in 0.754289 seconds
2025-09-28 15:55:31,644 - INFO - Retrying request to /chat/completions in 0.990652 seconds
2025-09-28 15:55:31,659 - INFO - Retrying request to /chat/completions in 0.800246 seconds
2025-09-28 15:55:31,660 - INFO - Retrying request to /chat/completions in 0.857826 seconds
2025-09-28 15:55:31,660 - INFO - Retrying request to /chat/completions in 0.819773 seconds
2025-09-28 15:55:31,691 - INFO - Retrying request to /chat/completions in 0.936114 seconds
2025-09-28 15:55:31,691 - INFO - Retrying request to /chat/completions in 0.804183 seconds
2025-09-28 15:55:31,692 - INFO - Retrying request to /chat/completions in 0.804596 seconds
2025-09-28 15:55:31,707 - INFO - Retrying request to /chat/completions in 0.758473 seconds
2025-09-28 15:55:31,707 - INFO - Retrying request to /chat/completions in 0.881230 seconds
2025-09-28 15:55:31,722 - INFO - Retrying request to /chat/completions in 0.773170 seconds
2025-09-28 15:55:31,737 - INFO - Retrying request to /chat/completions in 0.787130 seconds
2025-09-28 15:55:31,753 - INFO - Retrying request to /chat/completions in 0.858690 seconds
2025-09-28 15:57:06,935 - INFO - 开始多线程处理 837 个单词，最大并发数: 45，延迟: 0.5秒
2025-09-28 15:57:55,945 - INFO - HTTP Request: POST https://api.moonshot.cn/v1/chat/completions "HTTP/1.1 200 OK"
2025-09-28 15:57:55,955 - INFO - Successfully processed word: accelerate 加速；促进；前进
2025-09-28 15:57:55,959 - ERROR - Future execution failed for [4]: accelerate 加速；促进；前进 -> 'gbk' codec can't encode character '\u2713' in position 2: illegal multibyte sequence
2025-09-28 15:57:57,586 - INFO - HTTP Request: POST https://api.moonshot.cn/v1/chat/completions "HTTP/1.1 200 OK"
2025-09-28 15:57:57,587 - INFO - Successfully processed word: navigate 航行；驾驶
2025-09-28 15:57:57,589 - ERROR - Future execution failed for [14]: navigate 航行；驾驶 -> 'gbk' codec can't encode character '\u2713' in position 2: illegal multibyte sequence
2025-09-28 15:57:59,568 - INFO - HTTP Request: POST https://api.moonshot.cn/v1/chat/completions "HTTP/1.1 200 OK"
2025-09-28 15:57:59,570 - INFO - Successfully processed word: metro
2025-09-28 15:57:59,574 - ERROR - Future execution failed for [20]: metro -> 'gbk' codec can't encode character '\u2713' in position 2: illegal multibyte sequence
2025-09-28 15:58:00,567 - INFO - HTTP Request: POST https://api.moonshot.cn/v1/chat/completions "HTTP/1.1 200 OK"
2025-09-28 15:58:00,568 - INFO - Successfully processed word: crossroads 十字路口
2025-09-28 15:58:00,570 - ERROR - Future execution failed for [32]: crossroads 十字路口 -> 'gbk' codec can't encode character '\u2713' in position 2: illegal multibyte sequence
2025-09-28 15:58:02,626 - INFO - HTTP Request: POST https://api.moonshot.cn/v1/chat/completions "HTTP/1.1 200 OK"
2025-09-28 15:58:02,628 - INFO - Successfully processed word: convertible 敞篷车
2025-09-28 15:58:02,631 - ERROR - Future execution failed for [8]: convertible 敞篷车 -> 'gbk' codec can't encode character '\u2713' in position 2: illegal multibyte sequence
2025-09-28 15:58:03,180 - INFO - HTTP Request: POST https://api.moonshot.cn/v1/chat/completions "HTTP/1.1 200 OK"
2025-09-28 15:58:03,182 - INFO - Successfully processed word: directory 人名住址薄
2025-09-28 15:58:03,185 - ERROR - Future execution failed for [7]: directory 人名住址薄 -> 'gbk' codec can't encode character '\u2713' in position 2: illegal multibyte sequence
2025-09-28 15:58:06,324 - INFO - HTTP Request: POST https://api.moonshot.cn/v1/chat/completions "HTTP/1.1 200 OK"
2025-09-28 15:58:06,325 - INFO - Successfully processed word: transit 运输；通过
2025-09-28 15:58:06,327 - ERROR - Future execution failed for [22]: transit 运输；通过 -> 'gbk' codec can't encode character '\u2713' in position 2: illegal multibyte sequence
2025-09-28 15:58:06,490 - INFO - HTTP Request: POST https://api.moonshot.cn/v1/chat/completions "HTTP/1.1 200 OK"
2025-09-28 15:58:06,491 - INFO - Successfully processed word: pedestrian 行人；步行者
2025-09-28 15:58:06,493 - ERROR - Future execution failed for [43]: pedestrian 行人；步行者 -> 'gbk' codec can't encode character '\u2713' in position 2: illegal multibyte sequence
2025-09-28 15:58:06,623 - INFO - HTTP Request: POST https://api.moonshot.cn/v1/chat/completions "HTTP/1.1 200 OK"
2025-09-28 15:58:06,625 - INFO - Successfully processed word: highway
2025-09-28 15:58:06,628 - ERROR - Future execution failed for [19]: highway -> 'gbk' codec can't encode character '\u2713' in position 2: illegal multibyte sequence
2025-09-28 15:58:07,427 - INFO - HTTP Request: POST https://api.moonshot.cn/v1/chat/completions "HTTP/1.1 200 OK"
2025-09-28 15:58:07,428 - INFO - Successfully processed word: punctualit 准时；守时
2025-09-28 15:58:07,432 - ERROR - Future execution failed for [15]: punctualit 准时；守时 -> 'gbk' codec can't encode character '\u2713' in position 2: illegal multibyte sequence
2025-09-28 15:58:07,516 - INFO - HTTP Request: POST https://api.moonshot.cn/v1/chat/completions "HTTP/1.1 200 OK"
2025-09-28 15:58:07,517 - INFO - Successfully processed word: transportation ( air
2025-09-28 15:58:07,519 - ERROR - Future execution failed for [2]: transportation ( air -> 'gbk' codec can't encode character '\u2713' in position 2: illegal multibyte sequence
2025-09-28 15:58:07,778 - INFO - Retrying request to /chat/completions in 0.415457 seconds
2025-09-28 15:58:07,778 - INFO - Retrying request to /chat/completions in 0.395149 seconds
2025-09-28 15:58:07,779 - INFO - Retrying request to /chat/completions in 0.454079 seconds
2025-09-28 15:58:07,779 - INFO - Retrying request to /chat/completions in 0.422240 seconds
2025-09-28 15:58:07,794 - INFO - Retrying request to /chat/completions in 0.424355 seconds
2025-09-28 15:58:07,795 - INFO - Retrying request to /chat/completions in 0.479179 seconds
2025-09-28 15:58:07,795 - INFO - Retrying request to /chat/completions in 0.431618 seconds
2025-09-28 15:58:07,795 - INFO - Retrying request to /chat/completions in 0.411540 seconds
2025-09-28 15:58:07,796 - INFO - Retrying request to /chat/completions in 0.411366 seconds
2025-09-28 15:58:07,796 - INFO - Retrying request to /chat/completions in 0.485926 seconds
2025-09-28 15:58:07,809 - INFO - Retrying request to /chat/completions in 0.411954 seconds
2025-09-28 15:58:07,824 - INFO - Retrying request to /chat/completions in 0.375513 seconds
2025-09-28 15:58:07,824 - INFO - Retrying request to /chat/completions in 0.423438 seconds
2025-09-28 15:58:07,840 - INFO - Retrying request to /chat/completions in 0.473472 seconds
2025-09-28 15:58:07,841 - INFO - Retrying request to /chat/completions in 0.438762 seconds
2025-09-28 15:58:07,841 - INFO - Retrying request to /chat/completions in 0.388906 seconds
2025-09-28 15:58:07,841 - INFO - Retrying request to /chat/completions in 0.477062 seconds
2025-09-28 15:58:07,841 - INFO - Retrying request to /chat/completions in 0.476035 seconds
2025-09-28 15:58:07,841 - INFO - Retrying request to /chat/completions in 0.386940 seconds
2025-09-28 15:58:07,856 - INFO - Retrying request to /chat/completions in 0.425276 seconds
2025-09-28 15:58:07,856 - INFO - Retrying request to /chat/completions in 0.466317 seconds
2025-09-28 15:58:07,887 - INFO - Retrying request to /chat/completions in 0.481911 seconds
2025-09-28 15:58:07,888 - INFO - Retrying request to /chat/completions in 0.457399 seconds
2025-09-28 15:58:07,888 - INFO - Retrying request to /chat/completions in 0.463737 seconds
2025-09-28 15:58:07,888 - INFO - Retrying request to /chat/completions in 0.443973 seconds
2025-09-28 15:58:07,888 - INFO - Retrying request to /chat/completions in 0.467900 seconds
2025-09-28 15:58:07,889 - INFO - Retrying request to /chat/completions in 0.396012 seconds
2025-09-28 15:58:07,889 - INFO - Retrying request to /chat/completions in 0.381350 seconds
2025-09-28 15:58:07,889 - INFO - Retrying request to /chat/completions in 0.484887 seconds
2025-09-28 15:58:07,889 - INFO - Retrying request to /chat/completions in 0.444474 seconds
2025-09-28 15:58:07,890 - INFO - Retrying request to /chat/completions in 0.478359 seconds
2025-09-28 15:58:07,901 - INFO - Retrying request to /chat/completions in 0.432000 seconds
2025-09-28 15:58:07,902 - INFO - Retrying request to /chat/completions in 0.491522 seconds
2025-09-28 15:58:07,902 - INFO - Retrying request to /chat/completions in 0.472502 seconds
2025-09-28 15:59:34,325 - INFO - 开始多线程处理 837 个单词，最大并发数: 45，延迟: 0.5秒
2025-09-28 16:00:28,856 - INFO - HTTP Request: POST https://api.moonshot.cn/v1/chat/completions "HTTP/1.1 200 OK"
2025-09-28 16:00:28,866 - INFO - Successfully processed word: punctualit 准时；守时
2025-09-28 16:00:29,585 - INFO - HTTP Request: POST https://api.moonshot.cn/v1/chat/completions "HTTP/1.1 200 OK"
2025-09-28 16:00:29,586 - INFO - Successfully processed word: overtime 加班的时间
2025-09-28 16:00:30,698 - INFO - HTTP Request: POST https://api.moonshot.cn/v1/chat/completions "HTTP/1.1 200 OK"
2025-09-28 16:00:30,706 - INFO - Successfully processed word: directory 人名住址薄
2025-09-28 16:00:31,084 - INFO - HTTP Request: POST https://api.moonshot.cn/v1/chat/completions "HTTP/1.1 200 OK"
2025-09-28 16:00:31,086 - INFO - Successfully processed word: accelerate 加速；促进；前进
2025-09-28 16:00:32,443 - INFO - HTTP Request: POST https://api.moonshot.cn/v1/chat/completions "HTTP/1.1 200 OK"
2025-09-28 16:00:32,444 - INFO - Successfully processed word: convertible 敞篷车
2025-09-28 16:00:33,230 - INFO - HTTP Request: POST https://api.moonshot.cn/v1/chat/completions "HTTP/1.1 200 OK"
2025-09-28 16:00:33,231 - INFO - Successfully processed word: commuter 通勤者
2025-09-28 16:00:33,382 - INFO - HTTP Request: POST https://api.moonshot.cn/v1/chat/completions "HTTP/1.1 200 OK"
2025-09-28 16:00:33,383 - INFO - Successfully processed word: intersection n. 交叉；十字路口；交集；交叉点
2025-09-28 16:00:33,617 - INFO - HTTP Request: POST https://api.moonshot.cn/v1/chat/completions "HTTP/1.1 200 OK"
2025-09-28 16:00:33,618 - INFO - Successfully processed word: pedestrian 行人；步行者
2025-09-28 16:00:34,297 - INFO - HTTP Request: POST https://api.moonshot.cn/v1/chat/completions "HTTP/1.1 200 OK"
2025-09-28 16:00:34,297 - INFO - Successfully processed word: crossroads 十字路口
2025-09-28 16:00:34,326 - INFO - HTTP Request: POST https://api.moonshot.cn/v1/chat/completions "HTTP/1.1 200 OK"
2025-09-28 16:00:34,327 - INFO - Successfully processed word: launch 发射；开始
2025-09-28 16:00:35,003 - INFO - HTTP Request: POST https://api.moonshot.cn/v1/chat/completions "HTTP/1.1 200 OK"
2025-09-28 16:00:35,004 - INFO - Successfully processed word: operator 接线生
2025-09-28 16:00:35,130 - INFO - Retrying request to /chat/completions in 0.427207 seconds
2025-09-28 16:00:35,147 - INFO - Retrying request to /chat/completions in 0.444361 seconds
2025-09-28 16:00:35,147 - INFO - Retrying request to /chat/completions in 0.446018 seconds
2025-09-28 16:00:35,148 - INFO - Retrying request to /chat/completions in 0.489224 seconds
2025-09-28 16:00:35,148 - INFO - Retrying request to /chat/completions in 0.479523 seconds
2025-09-28 16:00:35,163 - INFO - Retrying request to /chat/completions in 0.497958 seconds
2025-09-28 16:00:35,164 - INFO - Retrying request to /chat/completions in 0.415187 seconds
2025-09-28 16:00:35,193 - INFO - Retrying request to /chat/completions in 0.417637 seconds
2025-09-28 16:00:35,194 - INFO - Retrying request to /chat/completions in 0.422347 seconds
2025-09-28 16:00:35,194 - INFO - Retrying request to /chat/completions in 0.470306 seconds
2025-09-28 16:00:35,194 - INFO - Retrying request to /chat/completions in 0.414926 seconds
2025-09-28 16:00:35,195 - INFO - Retrying request to /chat/completions in 0.383353 seconds
2025-09-28 16:00:35,209 - INFO - Retrying request to /chat/completions in 0.437092 seconds
2025-09-28 16:00:35,209 - INFO - Retrying request to /chat/completions in 0.466969 seconds
2025-09-28 16:00:35,210 - INFO - Retrying request to /chat/completions in 0.496850 seconds
2025-09-28 16:00:35,224 - INFO - Retrying request to /chat/completions in 0.491892 seconds
2025-09-28 16:00:35,225 - INFO - Retrying request to /chat/completions in 0.418100 seconds
2025-09-28 16:00:35,225 - INFO - Retrying request to /chat/completions in 0.395879 seconds
2025-09-28 16:00:35,227 - INFO - Retrying request to /chat/completions in 0.440574 seconds
2025-09-28 16:00:35,228 - INFO - Retrying request to /chat/completions in 0.443837 seconds
2025-09-28 16:00:35,228 - INFO - Retrying request to /chat/completions in 0.378880 seconds
2025-09-28 16:00:35,229 - INFO - Retrying request to /chat/completions in 0.490232 seconds
2025-09-28 16:00:35,229 - INFO - Retrying request to /chat/completions in 0.476428 seconds
2025-09-28 16:00:35,229 - INFO - Retrying request to /chat/completions in 0.405701 seconds
2025-09-28 16:00:35,230 - INFO - Retrying request to /chat/completions in 0.469817 seconds
2025-09-28 16:00:35,230 - INFO - Retrying request to /chat/completions in 0.402649 seconds
2025-09-28 16:00:35,230 - INFO - Retrying request to /chat/completions in 0.483370 seconds
2025-09-28 16:00:35,231 - INFO - Retrying request to /chat/completions in 0.379365 seconds
2025-09-28 16:00:35,231 - INFO - Retrying request to /chat/completions in 0.399579 seconds
2025-09-28 16:00:35,232 - INFO - Retrying request to /chat/completions in 0.485699 seconds
2025-09-28 16:00:35,232 - INFO - Retrying request to /chat/completions in 0.483126 seconds
2025-09-28 16:00:35,232 - INFO - Retrying request to /chat/completions in 0.421787 seconds
2025-09-28 16:00:35,240 - INFO - Retrying request to /chat/completions in 0.412826 seconds
2025-09-28 16:00:35,240 - INFO - Retrying request to /chat/completions in 0.405051 seconds
2025-09-28 16:01:20,076 - INFO - HTTP Request: POST https://api.moonshot.cn/v1/chat/completions "HTTP/1.1 200 OK"
2025-09-28 16:01:20,077 - INFO - Successfully processed word: secretary 秘书
2025-09-28 16:01:25,865 - INFO - HTTP Request: POST https://api.moonshot.cn/v1/chat/completions "HTTP/1.1 200 OK"
2025-09-28 16:01:25,866 - INFO - Successfully processed word: navigate 航行；驾驶
2025-09-28 16:01:27,810 - INFO - HTTP Request: POST https://api.moonshot.cn/v1/chat/completions "HTTP/1.1 200 OK"
2025-09-28 16:01:27,812 - INFO - Successfully processed word: shortcut 近路；捷径
2025-09-28 16:01:29,603 - INFO - Retrying request to /chat/completions in 0.456164 seconds
2025-09-28 16:01:30,709 - INFO - Retrying request to /chat/completions in 0.402337 seconds
2025-09-28 16:01:32,451 - INFO - Retrying request to /chat/completions in 0.375446 seconds
2025-09-28 16:01:32,603 - INFO - HTTP Request: POST https://api.moonshot.cn/v1/chat/completions "HTTP/1.1 200 OK"
2025-09-28 16:01:32,604 - INFO - Successfully processed word: memo 便条；便笺；备忘录
2025-09-28 16:01:33,249 - INFO - Retrying request to /chat/completions in 0.384565 seconds
2025-09-28 16:01:33,389 - INFO - Retrying request to /chat/completions in 0.477256 seconds
2025-09-28 16:01:33,599 - INFO - HTTP Request: POST https://api.moonshot.cn/v1/chat/completions "HTTP/1.1 200 OK"
2025-09-28 16:01:33,600 - INFO - Successfully processed word: transport 运输；交通工具；运输系
2025-09-28 16:01:33,623 - INFO - Retrying request to /chat/completions in 0.403495 seconds
2025-09-28 16:01:34,309 - INFO - Retrying request to /chat/completions in 0.440381 seconds
2025-09-28 16:01:34,466 - INFO - HTTP Request: POST https://api.moonshot.cn/v1/chat/completions "HTTP/1.1 200 OK"
2025-09-28 16:01:34,466 - INFO - Successfully processed word: pilot 飞行员
2025-09-28 16:01:34,815 - INFO - HTTP Request: POST https://api.moonshot.cn/v1/chat/completions "HTTP/1.1 200 OK"
2025-09-28 16:01:34,816 - INFO - Successfully processed word: aviation 飞行；航空学
2025-09-28 16:01:34,865 - INFO - HTTP Request: POST https://api.moonshot.cn/v1/chat/completions "HTTP/1.1 200 OK"
2025-09-28 16:01:34,866 - INFO - Successfully processed word: airliner 大型客机
2025-09-28 16:01:35,015 - INFO - Retrying request to /chat/completions in 0.397206 seconds
2025-09-28 16:01:35,860 - INFO - Retrying request to /chat/completions in 0.751525 seconds
2025-09-28 16:01:35,876 - INFO - Retrying request to /chat/completions in 0.851449 seconds
2025-09-28 16:01:35,876 - INFO - Retrying request to /chat/completions in 0.943928 seconds
2025-09-28 16:01:35,940 - INFO - Retrying request to /chat/completions in 0.826025 seconds
2025-09-28 16:01:35,940 - INFO - Retrying request to /chat/completions in 0.875217 seconds
2025-09-28 16:01:35,940 - INFO - Retrying request to /chat/completions in 0.938374 seconds
2025-09-28 16:01:35,941 - INFO - Retrying request to /chat/completions in 0.930627 seconds
2025-09-28 16:01:35,941 - INFO - Retrying request to /chat/completions in 0.858134 seconds
2025-09-28 16:01:35,941 - INFO - Retrying request to /chat/completions in 0.918001 seconds
2025-09-28 16:01:35,941 - INFO - Retrying request to /chat/completions in 0.996378 seconds
2025-09-28 16:01:35,941 - INFO - Retrying request to /chat/completions in 0.769495 seconds
2025-09-28 16:01:35,955 - INFO - Retrying request to /chat/completions in 0.753002 seconds
2025-09-28 16:01:35,955 - INFO - Retrying request to /chat/completions in 0.810842 seconds
2025-09-28 16:01:35,955 - INFO - Retrying request to /chat/completions in 0.972502 seconds
2025-09-28 16:01:35,956 - INFO - Retrying request to /chat/completions in 0.800715 seconds
2025-09-28 16:01:35,956 - INFO - Retrying request to /chat/completions in 0.867789 seconds
2025-09-28 16:01:35,956 - INFO - Retrying request to /chat/completions in 0.865739 seconds
2025-09-28 16:01:35,956 - INFO - Retrying request to /chat/completions in 0.924026 seconds
2025-09-28 16:01:35,956 - INFO - Retrying request to /chat/completions in 0.904851 seconds
2025-09-28 16:01:35,970 - INFO - Retrying request to /chat/completions in 0.777588 seconds
2025-09-28 16:01:35,970 - INFO - Retrying request to /chat/completions in 0.751296 seconds
2025-09-28 16:01:35,986 - INFO - Retrying request to /chat/completions in 0.914601 seconds
2025-09-28 16:01:36,001 - INFO - Retrying request to /chat/completions in 0.998033 seconds
2025-09-28 16:01:36,048 - INFO - Retrying request to /chat/completions in 0.951207 seconds
2025-09-28 16:01:36,049 - INFO - Retrying request to /chat/completions in 0.766002 seconds
2025-09-28 16:01:36,049 - INFO - Retrying request to /chat/completions in 0.954756 seconds
2025-09-28 16:01:36,049 - INFO - Retrying request to /chat/completions in 0.944297 seconds
2025-09-28 16:01:36,049 - INFO - Retrying request to /chat/completions in 0.877756 seconds
2025-09-28 16:01:36,050 - INFO - Retrying request to /chat/completions in 0.938826 seconds
2025-09-28 16:02:16,693 - INFO - HTTP Request: POST https://api.moonshot.cn/v1/chat/completions "HTTP/1.1 200 OK"
2025-09-28 16:02:16,694 - INFO - Successfully processed word: via 经由；借由
2025-09-28 16:02:19,183 - INFO - HTTP Request: POST https://api.moonshot.cn/v1/chat/completions "HTTP/1.1 200 OK"
2025-09-28 16:02:19,184 - INFO - Successfully processed word: shorthand 速记，速记法
2025-09-28 16:02:23,580 - INFO - HTTP Request: POST https://api.moonshot.cn/v1/chat/completions "HTTP/1.1 200 OK"
2025-09-28 16:02:23,581 - INFO - Successfully processed word: shopping 购物
2025-09-28 16:02:25,682 - INFO - HTTP Request: POST https://api.moonshot.cn/v1/chat/completions "HTTP/1.1 200 OK"
2025-09-28 16:02:25,694 - INFO - Successfully processed word: client 顾客；委托人
2025-09-28 16:02:27,389 - INFO - HTTP Request: POST https://api.moonshot.cn/v1/chat/completions "HTTP/1.1 200 OK"
2025-09-28 16:02:27,390 - INFO - Successfully processed word: tardy 迟缓；迟到的；迟延的
2025-09-28 16:02:27,822 - INFO - Retrying request to /chat/completions in 0.496824 seconds
2025-09-28 16:02:28,913 - INFO - HTTP Request: POST https://api.moonshot.cn/v1/chat/completions "HTTP/1.1 200 OK"
2025-09-28 16:02:28,914 - INFO - Successfully processed word: affordable 负担的起的
2025-09-28 16:02:30,448 - INFO - Retrying request to /chat/completions in 0.981512 seconds
2025-09-28 16:02:31,640 - INFO - HTTP Request: POST https://api.moonshot.cn/v1/chat/completions "HTTP/1.1 200 OK"
2025-09-28 16:02:31,641 - INFO - Successfully processed word: replacement 代替；替换
2025-09-28 16:02:32,762 - INFO - HTTP Request: POST https://api.moonshot.cn/v1/chat/completions "HTTP/1.1 200 OK"
2025-09-28 16:02:32,763 - INFO - Successfully processed word: take off 起飞
2025-09-28 16:02:33,068 - INFO - Retrying request to /chat/completions in 0.815994 seconds
2025-09-28 16:02:33,236 - INFO - HTTP Request: POST https://api.moonshot.cn/v1/chat/completions "HTTP/1.1 200 OK"
2025-09-28 16:02:33,238 - INFO - Successfully processed word: highway
2025-09-28 16:02:34,272 - INFO - Retrying request to /chat/completions in 0.781773 seconds
2025-09-28 16:02:34,474 - INFO - Retrying request to /chat/completions in 0.469982 seconds
2025-09-28 16:02:34,639 - INFO - HTTP Request: POST https://api.moonshot.cn/v1/chat/completions "HTTP/1.1 200 OK"
2025-09-28 16:02:34,640 - INFO - Successfully processed word: metro
2025-09-28 16:02:34,819 - INFO - Retrying request to /chat/completions in 0.412952 seconds
2025-09-28 16:02:34,990 - INFO - Retrying request to /chat/completions in 0.994660 seconds
2025-09-28 16:02:35,359 - INFO - HTTP Request: POST https://api.moonshot.cn/v1/chat/completions "HTTP/1.1 200 OK"
2025-09-28 16:02:35,361 - INFO - Successfully processed word: taxicab 计程车
2025-09-28 16:02:35,799 - INFO - Retrying request to /chat/completions in 0.948777 seconds
2025-09-28 16:02:36,430 - INFO - HTTP Request: POST https://api.moonshot.cn/v1/chat/completions "HTTP/1.1 200 OK"
2025-09-28 16:02:36,431 - INFO - Successfully processed word: restriction 限制；约束
2025-09-28 16:02:36,986 - WARNING - Attempt 1 failed for word 'portfolio 作品夹，公事包': Request timed out.. Retrying...
2025-09-28 16:02:37,053 - INFO - HTTP Request: POST https://api.moonshot.cn/v1/chat/completions "HTTP/1.1 200 OK"
2025-09-28 16:02:37,054 - INFO - Successfully processed word: bulletin 公报；告示；定期报告书
2025-09-28 16:02:37,080 - WARNING - Attempt 1 failed for word 'assignment 分配；工作，分派': Request timed out.. Retrying...
2025-09-28 16:02:37,081 - WARNING - Attempt 1 failed for word 'printed matter 印刷品': Request timed out.. Retrying...
2025-09-28 16:02:37,173 - WARNING - Attempt 1 failed for word 'jeopardy 风险；危险；危难': Request timed out.. Retrying...
2025-09-28 16:02:37,174 - WARNING - Attempt 1 failed for word 'conveyance 运输；交通工具': Request timed out.. Retrying...
2025-09-28 16:02:37,330 - WARNING - Attempt 1 failed for word 'transportation ( air': Request timed out.. Retrying...
2025-09-28 16:02:37,330 - WARNING - Attempt 1 failed for word 'extension 分机（电话）；延期': Request timed out.. Retrying...
2025-09-28 16:02:37,331 - WARNING - Attempt 1 failed for word 'staff 全体职员': Request timed out.. Retrying...
2025-09-28 16:02:37,345 - WARNING - Attempt 1 failed for word 'crash landing 迫降': Request timed out.. Retrying...
2025-09-28 16:02:37,345 - WARNING - Attempt 1 failed for word 'ground crew 地勤人员 .': Request timed out.. Retrying...
2025-09-28 16:02:37,346 - WARNING - Attempt 1 failed for word 'subway 地铁 （注意区分': Request timed out.. Retrying...
2025-09-28 16:02:37,376 - WARNING - Attempt 1 failed for word 'jaywalk 不遵守交通规则穿越马路；闯红灯': Request timed out.. Retrying...
2025-09-28 16:02:37,455 - WARNING - Attempt 1 failed for word 'buckle up 系安全带': Request timed out.. Retrying...
2025-09-28 16:02:37,549 - WARNING - Attempt 1 failed for word 'office matters  办公室事宜': Request timed out.. Retrying...
2025-09-28 16:02:37,580 - WARNING - Attempt 1 failed for word 'cabin 小屋；客舱；机舱': Request timed out.. Retrying...
2025-09-28 16:02:37,581 - WARNING - Attempt 1 failed for word 'cargo 货物': Request timed out.. Retrying...
2025-09-28 16:02:37,581 - WARNING - Attempt 1 failed for word 'acrophobia 恐高症': Request timed out.. Retrying...
2025-09-28 16:02:37,582 - WARNING - Attempt 1 failed for word 'appointment 约会，约定': Request timed out.. Retrying...
2025-09-28 16:02:37,582 - WARNING - Attempt 1 failed for word 'filing 归档': Request timed out.. Retrying...
2025-09-28 16:02:37,582 - WARNING - Attempt 1 failed for word 'freight 货运；货物': Request timed out.. Retrying...
2025-09-28 16:02:37,783 - WARNING - Attempt 1 failed for word 'transit 运输；通过': Request timed out.. Retrying...
2025-09-28 16:02:37,799 - WARNING - Attempt 1 failed for word 'ferry 渡轮': Request timed out.. Retrying...
2025-09-28 16:02:37,830 - WARNING - Attempt 1 failed for word 'life vest 救生衣': Request timed out.. Retrying...
2025-09-28 16:02:37,830 - WARNING - Attempt 1 failed for word 'receptionist 接待员': Request timed out.. Retrying...
2025-09-28 16:03:08,094 - INFO - HTTP Request: POST https://api.moonshot.cn/v1/chat/completions "HTTP/1.1 200 OK"
2025-09-28 16:03:08,095 - INFO - Successfully processed word: shopping mall 大型购物中心
2025-09-28 16:03:10,226 - INFO - HTTP Request: POST https://api.moonshot.cn/v1/chat/completions "HTTP/1.1 200 OK"
2025-09-28 16:03:10,227 - INFO - Successfully processed word: customer 顾客；客户
2025-09-28 16:03:17,241 - INFO - HTTP Request: POST https://api.moonshot.cn/v1/chat/completions "HTTP/1.1 200 OK"
2025-09-28 16:03:17,242 - INFO - Successfully processed word: discount 折扣
2025-09-28 16:03:20,631 - INFO - HTTP Request: POST https://api.moonshot.cn/v1/chat/completions "HTTP/1.1 200 OK"
2025-09-28 16:03:20,632 - INFO - Successfully processed word: dinning out 在外就餐（）
2025-09-28 16:03:21,715 - INFO - HTTP Request: POST https://api.moonshot.cn/v1/chat/completions "HTTP/1.1 200 OK"
2025-09-28 16:03:21,716 - INFO - Successfully processed word: vender 小贩
2025-09-28 16:03:22,656 - INFO - HTTP Request: POST https://api.moonshot.cn/v1/chat/completions "HTTP/1.1 200 OK"
2025-09-28 16:03:22,657 - INFO - Successfully processed word: latest 最新的
2025-09-28 16:03:23,592 - INFO - Retrying request to /chat/completions in 0.452676 seconds
2025-09-28 16:03:24,318 - INFO - HTTP Request: POST https://api.moonshot.cn/v1/chat/completions "HTTP/1.1 200 OK"
2025-09-28 16:03:24,319 - INFO - Successfully processed word: bazaar 市场；集市
2025-09-28 16:03:25,241 - INFO - HTTP Request: POST https://api.moonshot.cn/v1/chat/completions "HTTP/1.1 200 OK"
2025-09-28 16:03:25,242 - INFO - Successfully processed word: buckle up 系安全带
2025-09-28 16:03:27,623 - INFO - HTTP Request: POST https://api.moonshot.cn/v1/chat/completions "HTTP/1.1 200 OK"
2025-09-28 16:03:27,624 - INFO - Successfully processed word: refund 退款；退还；赔偿
2025-09-28 16:03:28,030 - INFO - HTTP Request: POST https://api.moonshot.cn/v1/chat/completions "HTTP/1.1 200 OK"
2025-09-28 16:03:28,031 - INFO - Successfully processed word: appointment 约会，约定
2025-09-28 16:03:28,171 - INFO - HTTP Request: POST https://api.moonshot.cn/v1/chat/completions "HTTP/1.1 200 OK"
2025-09-28 16:03:28,172 - INFO - Successfully processed word: alcohol 酒精
2025-09-28 16:03:28,926 - INFO - Retrying request to /chat/completions in 0.492485 seconds
2025-09-28 16:03:29,653 - INFO - HTTP Request: POST https://api.moonshot.cn/v1/chat/completions "HTTP/1.1 200 OK"
2025-09-28 16:03:29,654 - INFO - Successfully processed word: ferry 渡轮
2025-09-28 16:03:29,916 - INFO - HTTP Request: POST https://api.moonshot.cn/v1/chat/completions "HTTP/1.1 200 OK"
2025-09-28 16:03:29,918 - INFO - Successfully processed word: itemize 详细列举；分条列举
2025-09-28 16:03:30,373 - INFO - HTTP Request: POST https://api.moonshot.cn/v1/chat/completions "HTTP/1.1 200 OK"
2025-09-28 16:03:30,375 - INFO - Successfully processed word: runway 飞机跑道
2025-09-28 16:03:30,444 - INFO - HTTP Request: POST https://api.moonshot.cn/v1/chat/completions "HTTP/1.1 200 OK"
2025-09-28 16:03:30,445 - INFO - Successfully processed word: expiration 终结；期满
2025-09-28 16:03:30,524 - INFO - HTTP Request: POST https://api.moonshot.cn/v1/chat/completions "HTTP/1.1 200 OK"
2025-09-28 16:03:30,526 - INFO - Successfully processed word: ground crew 地勤人员 .
2025-09-28 16:03:31,655 - INFO - Retrying request to /chat/completions in 0.461921 seconds
2025-09-28 16:03:33,198 - INFO - HTTP Request: POST https://api.moonshot.cn/v1/chat/completions "HTTP/1.1 200 OK"
2025-09-28 16:03:33,199 - INFO - HTTP Request: POST https://api.moonshot.cn/v1/chat/completions "HTTP/1.1 200 OK"
2025-09-28 16:03:33,201 - INFO - Successfully processed word: typist 打字员
2025-09-28 16:03:33,204 - INFO - Successfully processed word: timetable 时间表；时刻表
2025-09-28 16:03:33,257 - INFO - Retrying request to /chat/completions in 0.375070 seconds
2025-09-28 16:03:33,325 - INFO - HTTP Request: POST https://api.moonshot.cn/v1/chat/completions "HTTP/1.1 200 OK"
2025-09-28 16:03:33,326 - INFO - Successfully processed word: xerox 影印
2025-09-28 16:03:33,539 - INFO - HTTP Request: POST https://api.moonshot.cn/v1/chat/completions "HTTP/1.1 200 OK"
2025-09-28 16:03:33,540 - INFO - Successfully processed word: cargo 货物
2025-09-28 16:03:33,547 - INFO - HTTP Request: POST https://api.moonshot.cn/v1/chat/completions "HTTP/1.1 200 OK"
2025-09-28 16:03:33,548 - INFO - Successfully processed word: jaywalk 不遵守交通规则穿越马路；闯红灯
2025-09-28 16:03:33,975 - INFO - HTTP Request: POST https://api.moonshot.cn/v1/chat/completions "HTTP/1.1 200 OK"
2025-09-28 16:03:33,976 - INFO - Successfully processed word: acrophobia 恐高症
2025-09-28 16:03:34,070 - INFO - HTTP Request: POST https://api.moonshot.cn/v1/chat/completions "HTTP/1.1 200 OK"
2025-09-28 16:03:34,072 - INFO - Successfully processed word: stapler 订书机
2025-09-28 16:03:34,383 - INFO - HTTP Request: POST https://api.moonshot.cn/v1/chat/completions "HTTP/1.1 200 OK"
2025-09-28 16:03:34,384 - INFO - Successfully processed word: extension 分机（电话）；延期
2025-09-28 16:03:34,418 - INFO - HTTP Request: POST https://api.moonshot.cn/v1/chat/completions "HTTP/1.1 200 OK"
2025-09-28 16:03:34,419 - INFO - Successfully processed word: cabin 小屋；客舱；机舱
2025-09-28 16:03:34,422 - INFO - HTTP Request: POST https://api.moonshot.cn/v1/chat/completions "HTTP/1.1 200 OK"
2025-09-28 16:03:34,422 - INFO - Successfully processed word: retailer 零售商
2025-09-28 16:03:35,710 - INFO - HTTP Request: POST https://api.moonshot.cn/v1/chat/completions "HTTP/1.1 200 OK"
2025-09-28 16:03:35,712 - INFO - Successfully processed word: staff 全体职员
2025-09-28 16:03:36,423 - INFO - HTTP Request: POST https://api.moonshot.cn/v1/chat/completions "HTTP/1.1 200 OK"
2025-09-28 16:03:36,424 - INFO - Successfully processed word: crash landing 迫降
2025-09-28 16:03:36,430 - INFO - HTTP Request: POST https://api.moonshot.cn/v1/chat/completions "HTTP/1.1 200 OK"
2025-09-28 16:03:36,431 - INFO - Successfully processed word: transit 运输；通过
2025-09-28 16:03:36,833 - INFO - HTTP Request: POST https://api.moonshot.cn/v1/chat/completions "HTTP/1.1 200 OK"
2025-09-28 16:03:36,834 - INFO - Successfully processed word: filing 归档
2025-09-28 16:03:37,939 - INFO - HTTP Request: POST https://api.moonshot.cn/v1/chat/completions "HTTP/1.1 200 OK"
2025-09-28 16:03:37,940 - INFO - Successfully processed word: transportation ( air
2025-09-28 16:03:38,011 - INFO - HTTP Request: POST https://api.moonshot.cn/v1/chat/completions "HTTP/1.1 200 OK"
2025-09-28 16:03:38,012 - INFO - Successfully processed word: assignment 分配；工作，分派
2025-09-28 16:03:38,299 - INFO - Retrying request to /chat/completions in 0.494990 seconds
2025-09-28 16:03:38,361 - INFO - Retrying request to /chat/completions in 0.377199 seconds
2025-09-28 16:03:38,371 - INFO - HTTP Request: POST https://api.moonshot.cn/v1/chat/completions "HTTP/1.1 200 OK"
2025-09-28 16:03:38,372 - INFO - Successfully processed word: jeopardy 风险；危险；危难
2025-09-28 16:03:38,486 - INFO - Retrying request to /chat/completions in 0.383929 seconds
2025-09-28 16:03:38,688 - INFO - Retrying request to /chat/completions in 0.416458 seconds
2025-09-28 16:03:38,828 - INFO - Retrying request to /chat/completions in 0.387624 seconds
2025-09-28 16:03:38,906 - INFO - Retrying request to /chat/completions in 0.410002 seconds
2025-09-28 16:03:39,188 - INFO - Retrying request to /chat/completions in 0.421632 seconds
2025-09-28 16:03:39,203 - INFO - Retrying request to /chat/completions in 0.397263 seconds
2025-09-28 16:04:02,629 - INFO - HTTP Request: POST https://api.moonshot.cn/v1/chat/completions "HTTP/1.1 200 OK"
2025-09-28 16:04:02,630 - INFO - Successfully processed word: neon sign 霓虹灯招牌
2025-09-28 16:04:06,681 - INFO - HTTP Request: POST https://api.moonshot.cn/v1/chat/completions "HTTP/1.1 200 OK"
2025-09-28 16:04:06,682 - INFO - Successfully processed word: artificial 人造的；仿真的
2025-09-28 16:04:08,288 - INFO - HTTP Request: POST https://api.moonshot.cn/v1/chat/completions "HTTP/1.1 200 OK"
2025-09-28 16:04:08,289 - INFO - Successfully processed word: pushcart 手推车
2025-09-28 16:04:10,240 - INFO - Retrying request to /chat/completions in 0.497846 seconds
2025-09-28 16:04:10,299 - INFO - HTTP Request: POST https://api.moonshot.cn/v1/chat/completions "HTTP/1.1 200 OK"
2025-09-28 16:04:10,301 - INFO - Successfully processed word: request 请求；要求
2025-09-28 16:04:12,628 - INFO - HTTP Request: POST https://api.moonshot.cn/v1/chat/completions "HTTP/1.1 200 OK"
2025-09-28 16:04:12,629 - INFO - Successfully processed word: crave 渴望
2025-09-28 16:04:14,945 - INFO - HTTP Request: POST https://api.moonshot.cn/v1/chat/completions "HTTP/1.1 200 OK"
2025-09-28 16:04:14,946 - INFO - HTTP Request: POST https://api.moonshot.cn/v1/chat/completions "HTTP/1.1 200 OK"
2025-09-28 16:04:14,947 - INFO - Successfully processed word: fragrant 有香味的；芳香的
2025-09-28 16:04:14,950 - INFO - Successfully processed word: receipt 收据
2025-09-28 16:04:15,212 - INFO - HTTP Request: POST https://api.moonshot.cn/v1/chat/completions "HTTP/1.1 200 OK"
2025-09-28 16:04:15,213 - INFO - Successfully processed word: reimburse 偿还；补偿
2025-09-28 16:04:16,019 - INFO - HTTP Request: POST https://api.moonshot.cn/v1/chat/completions "HTTP/1.1 200 OK"
2025-09-28 16:04:16,021 - INFO - Successfully processed word: ravenous 饥饿的；贪婪的
2025-09-28 16:04:17,257 - INFO - Retrying request to /chat/completions in 0.467567 seconds
2025-09-28 16:04:18,152 - INFO - HTTP Request: POST https://api.moonshot.cn/v1/chat/completions "HTTP/1.1 200 OK"
2025-09-28 16:04:18,154 - INFO - Successfully processed word: distributor 供应商；经销商
2025-09-28 16:04:18,794 - INFO - HTTP Request: POST https://api.moonshot.cn/v1/chat/completions "HTTP/1.1 200 OK"
2025-09-28 16:04:18,795 - INFO - Successfully processed word: thrift 节俭；节约
2025-09-28 16:04:19,236 - INFO - HTTP Request: POST https://api.moonshot.cn/v1/chat/completions "HTTP/1.1 200 OK"
2025-09-28 16:04:19,237 - INFO - Successfully processed word: refreshment 茶点
2025-09-28 16:04:19,303 - INFO - HTTP Request: POST https://api.moonshot.cn/v1/chat/completions "HTTP/1.1 200 OK"
2025-09-28 16:04:19,304 - INFO - Successfully processed word: portion 部分；一份
2025-09-28 16:04:20,630 - INFO - HTTP Request: POST https://api.moonshot.cn/v1/chat/completions "HTTP/1.1 200 OK"
2025-09-28 16:04:20,631 - INFO - Successfully processed word: bland 淡而无味的；温和的；无刺激性的
2025-09-28 16:04:21,309 - INFO - HTTP Request: POST https://api.moonshot.cn/v1/chat/completions "HTTP/1.1 200 OK"
2025-09-28 16:04:21,310 - INFO - Successfully processed word: chef 主厨；大厨
2025-09-28 16:04:21,711 - INFO - HTTP Request: POST https://api.moonshot.cn/v1/chat/completions "HTTP/1.1 200 OK"
2025-09-28 16:04:21,712 - INFO - Successfully processed word: delicacy 佳肴
2025-09-28 16:04:23,376 - INFO - HTTP Request: POST https://api.moonshot.cn/v1/chat/completions "HTTP/1.1 200 OK"
2025-09-28 16:04:23,387 - INFO - Successfully processed word: warranty 保证；保证书
2025-09-28 16:04:25,149 - INFO - HTTP Request: POST https://api.moonshot.cn/v1/chat/completions "HTTP/1.1 200 OK"
2025-09-28 16:04:25,150 - INFO - Successfully processed word: workmanship 技巧；手艺
2025-09-28 16:04:25,159 - INFO - HTTP Request: POST https://api.moonshot.cn/v1/chat/completions "HTTP/1.1 200 OK"
2025-09-28 16:04:25,196 - INFO - Successfully processed word: trendy 时髦的；流行的
2025-09-28 16:04:26,598 - INFO - HTTP Request: POST https://api.moonshot.cn/v1/chat/completions "HTTP/1.1 200 OK"
2025-09-28 16:04:26,598 - INFO - Successfully processed word: liquor 烈酒（如威士忌）
2025-09-28 16:04:26,666 - INFO - HTTP Request: POST https://api.moonshot.cn/v1/chat/completions "HTTP/1.1 200 OK"
2025-09-28 16:04:26,667 - INFO - Successfully processed word: digest 消化
2025-09-28 16:04:28,053 - INFO - HTTP Request: POST https://api.moonshot.cn/v1/chat/completions "HTTP/1.1 200 OK"
2025-09-28 16:04:28,096 - INFO - Successfully processed word: vip=very important person 贵宾
2025-09-28 16:04:28,761 - INFO - HTTP Request: POST https://api.moonshot.cn/v1/chat/completions "HTTP/1.1 200 OK"
2025-09-28 16:04:28,762 - INFO - Successfully processed word: pass up 放过；错过
2025-09-28 16:04:29,698 - INFO - HTTP Request: POST https://api.moonshot.cn/v1/chat/completions "HTTP/1.1 200 OK"
2025-09-28 16:04:29,698 - INFO - Successfully processed word: office matters  办公室事宜
2025-09-28 16:04:29,923 - INFO - Retrying request to /chat/completions in 0.414593 seconds
2025-09-28 16:04:30,144 - INFO - HTTP Request: POST https://api.moonshot.cn/v1/chat/completions "HTTP/1.1 200 OK"
2025-09-28 16:04:30,145 - INFO - Successfully processed word: display 陈列；展示品
2025-09-28 16:04:30,451 - INFO - Retrying request to /chat/completions in 0.488937 seconds
2025-09-28 16:04:31,451 - INFO - HTTP Request: POST https://api.moonshot.cn/v1/chat/completions "HTTP/1.1 200 OK"
2025-09-28 16:04:31,452 - INFO - Successfully processed word: silverware 银器；镀银餐具
2025-09-28 16:04:32,082 - INFO - HTTP Request: POST https://api.moonshot.cn/v1/chat/completions "HTTP/1.1 200 OK"
2025-09-28 16:04:32,086 - INFO - Successfully processed word: printed matter 印刷品
2025-09-28 16:04:33,219 - INFO - Retrying request to /chat/completions in 0.452550 seconds
2025-09-28 16:04:33,563 - INFO - Retrying request to /chat/completions in 0.412563 seconds
2025-09-28 16:04:33,982 - INFO - Retrying request to /chat/completions in 0.449760 seconds
2025-09-28 16:04:34,077 - INFO - Retrying request to /chat/completions in 0.462192 seconds
2025-09-28 16:04:34,123 - INFO - HTTP Request: POST https://api.moonshot.cn/v1/chat/completions "HTTP/1.1 200 OK"
2025-09-28 16:04:34,123 - INFO - HTTP Request: POST https://api.moonshot.cn/v1/chat/completions "HTTP/1.1 200 OK"
2025-09-28 16:04:34,125 - INFO - Successfully processed word: bargain 便宜货；廉价品
2025-09-28 16:04:34,127 - INFO - Successfully processed word: coupon 折价券；赠奖券
2025-09-28 16:04:35,046 - INFO - HTTP Request: POST https://api.moonshot.cn/v1/chat/completions "HTTP/1.1 200 OK"
2025-09-28 16:04:35,048 - INFO - Successfully processed word: receptionist 接待员
2025-09-28 16:04:35,702 - INFO - HTTP Request: POST https://api.moonshot.cn/v1/chat/completions "HTTP/1.1 200 OK"
2025-09-28 16:04:35,703 - INFO - Successfully processed word: defective 有毛病的；有问题的，有瑕疵的
2025-09-28 16:04:35,727 - INFO - Retrying request to /chat/completions in 0.465056 seconds
2025-09-28 16:04:37,466 - INFO - HTTP Request: POST https://api.moonshot.cn/v1/chat/completions "HTTP/1.1 200 OK"
2025-09-28 16:04:37,467 - INFO - Successfully processed word: freight 货运；货物
2025-09-28 16:04:39,298 - INFO - HTTP Request: POST https://api.moonshot.cn/v1/chat/completions "HTTP/1.1 200 OK"
2025-09-28 16:04:39,300 - INFO - Successfully processed word: life vest 救生衣
2025-09-28 16:04:40,223 - INFO - Retrying request to /chat/completions in 0.795210 seconds
2025-09-28 16:04:40,237 - INFO - Retrying request to /chat/completions in 0.750233 seconds
2025-09-28 16:04:40,518 - INFO - Retrying request to /chat/completions in 0.909514 seconds
2025-09-28 16:04:45,281 - INFO - Retrying request to /chat/completions in 0.900050 seconds
2025-09-28 16:04:51,241 - INFO - Retrying request to /chat/completions in 0.900234 seconds
2025-09-28 16:04:53,637 - INFO - HTTP Request: POST https://api.moonshot.cn/v1/chat/completions "HTTP/1.1 200 OK"
2025-09-28 16:04:53,638 - INFO - Successfully processed word: specialty 专攻；专业；专长；特制品
2025-09-28 16:04:55,301 - INFO - HTTP Request: POST https://api.moonshot.cn/v1/chat/completions "HTTP/1.1 200 OK"
2025-09-28 16:04:55,302 - INFO - Successfully processed word: starve 饿死；挨饿
2025-09-28 16:05:00,042 - INFO - HTTP Request: POST https://api.moonshot.cn/v1/chat/completions "HTTP/1.1 200 OK"
2025-09-28 16:05:00,043 - INFO - Successfully processed word: drugstore 兼卖杂货的药房
2025-09-28 16:05:06,208 - INFO - HTTP Request: POST https://api.moonshot.cn/v1/chat/completions "HTTP/1.1 200 OK"
2025-09-28 16:05:06,209 - INFO - Successfully processed word: dinning out 在外就餐
2025-09-28 16:05:08,060 - INFO - HTTP Request: POST https://api.moonshot.cn/v1/chat/completions "HTTP/1.1 200 OK"
2025-09-28 16:05:08,061 - INFO - Successfully processed word: beverage 饮料
2025-09-28 16:05:10,041 - INFO - HTTP Request: POST https://api.moonshot.cn/v1/chat/completions "HTTP/1.1 200 OK"
2025-09-28 16:05:10,042 - INFO - Successfully processed word: aperitif 饭前酒
2025-09-28 16:05:10,308 - INFO - Retrying request to /chat/completions in 0.450213 seconds
2025-09-28 16:05:11,899 - INFO - HTTP Request: POST https://api.moonshot.cn/v1/chat/completions "HTTP/1.1 200 OK"
2025-09-28 16:05:11,899 - INFO - Successfully processed word: purchase 购买；购得之物
2025-09-28 16:05:12,612 - INFO - HTTP Request: POST https://api.moonshot.cn/v1/chat/completions "HTTP/1.1 200 OK"
2025-09-28 16:05:12,613 - INFO - Successfully processed word: modify 修改；变更
2025-09-28 16:05:12,635 - INFO - Retrying request to /chat/completions in 0.490204 seconds
2025-09-28 16:05:14,554 - INFO - HTTP Request: POST https://api.moonshot.cn/v1/chat/completions "HTTP/1.1 200 OK"
2025-09-28 16:05:14,555 - INFO - Successfully processed word: label 标签；标记
2025-09-28 16:05:14,622 - INFO - HTTP Request: POST https://api.moonshot.cn/v1/chat/completions "HTTP/1.1 200 OK"
2025-09-28 16:05:14,623 - INFO - Successfully processed word: buffet 自助餐
2025-09-28 16:05:14,663 - INFO - HTTP Request: POST https://api.moonshot.cn/v1/chat/completions "HTTP/1.1 200 OK"
2025-09-28 16:05:14,664 - INFO - Successfully processed word: patron 顾客；赞助人
2025-09-28 16:05:15,089 - INFO - HTTP Request: POST https://api.moonshot.cn/v1/chat/completions "HTTP/1.1 200 OK"
2025-09-28 16:05:15,090 - INFO - Successfully processed word: quantity 量；数量
2025-09-28 16:05:15,839 - INFO - HTTP Request: POST https://api.moonshot.cn/v1/chat/completions "HTTP/1.1 200 OK"
2025-09-28 16:05:15,840 - INFO - Successfully processed word: appetizer 开胃菜
2025-09-28 16:05:15,936 - INFO - HTTP Request: POST https://api.moonshot.cn/v1/chat/completions "HTTP/1.1 200 OK"
2025-09-28 16:05:15,937 - INFO - Successfully processed word: appetizer 开胃菜
2025-09-28 16:05:17,174 - INFO - HTTP Request: POST https://api.moonshot.cn/v1/chat/completions "HTTP/1.1 200 OK"
2025-09-28 16:05:17,175 - INFO - Successfully processed word: palatable 美味的；顺耳的；怡人的
2025-09-28 16:05:18,202 - INFO - HTTP Request: POST https://api.moonshot.cn/v1/chat/completions "HTTP/1.1 200 OK"
2025-09-28 16:05:18,203 - INFO - Successfully processed word: bacteria 细菌
2025-09-28 16:05:18,738 - INFO - HTTP Request: POST https://api.moonshot.cn/v1/chat/completions "HTTP/1.1 200 OK"
2025-09-28 16:05:18,739 - INFO - Successfully processed word: chopsticks 筷子
2025-09-28 16:05:18,943 - INFO - HTTP Request: POST https://api.moonshot.cn/v1/chat/completions "HTTP/1.1 200 OK"
2025-09-28 16:05:18,944 - INFO - Successfully processed word: alleviate 减轻；缓和
2025-09-28 16:05:19,898 - INFO - HTTP Request: POST https://api.moonshot.cn/v1/chat/completions "HTTP/1.1 200 OK"
2025-09-28 16:05:19,899 - INFO - Successfully processed word: cash register 手银机
2025-09-28 16:05:21,726 - INFO - Retrying request to /chat/completions in 0.436998 seconds
2025-09-28 16:05:22,427 - INFO - HTTP Request: POST https://api.moonshot.cn/v1/chat/completions "HTTP/1.1 200 OK"
2025-09-28 16:05:22,428 - INFO - Successfully processed word: contagious 接触传染的
2025-09-28 16:05:22,711 - INFO - HTTP Request: POST https://api.moonshot.cn/v1/chat/completions "HTTP/1.1 200 OK"
2025-09-28 16:05:22,712 - INFO - Successfully processed word: collision 碰撞；抵触
2025-09-28 16:05:23,541 - INFO - HTTP Request: POST https://api.moonshot.cn/v1/chat/completions "HTTP/1.1 200 OK"
2025-09-28 16:05:23,541 - INFO - Successfully processed word: beverage 饮料
2025-09-28 16:05:24,942 - INFO - HTTP Request: POST https://api.moonshot.cn/v1/chat/completions "HTTP/1.1 200 OK"
2025-09-28 16:05:24,942 - INFO - Successfully processed word: cuisine 烹调
2025-09-28 16:05:25,159 - INFO - Retrying request to /chat/completions in 0.412609 seconds
2025-09-28 16:05:25,205 - INFO - Retrying request to /chat/completions in 0.494682 seconds
2025-09-28 16:05:25,776 - INFO - HTTP Request: POST https://api.moonshot.cn/v1/chat/completions "HTTP/1.1 200 OK"
2025-09-28 16:05:25,777 - INFO - Successfully processed word: ingredient 成分；配料；配方
2025-09-28 16:05:27,590 - INFO - HTTP Request: POST https://api.moonshot.cn/v1/chat/completions "HTTP/1.1 200 OK"
2025-09-28 16:05:27,591 - INFO - Successfully processed word: chopsticks 筷子
2025-09-28 16:05:30,148 - INFO - Retrying request to /chat/completions in 0.430064 seconds
2025-09-28 16:05:30,643 - INFO - Retrying request to /chat/completions in 0.879530 seconds
2025-09-28 16:05:31,202 - INFO - Retrying request to /chat/completions in 0.900294 seconds
2025-09-28 16:05:31,469 - INFO - Retrying request to /chat/completions in 0.476917 seconds
2025-09-28 16:05:34,001 - INFO - HTTP Request: POST https://api.moonshot.cn/v1/chat/completions "HTTP/1.1 200 OK"
2025-09-28 16:05:34,002 - INFO - HTTP Request: POST https://api.moonshot.cn/v1/chat/completions "HTTP/1.1 200 OK"
2025-09-28 16:05:34,003 - INFO - Successfully processed word: entree 主菜
2025-09-28 16:05:34,005 - INFO - Successfully processed word: wholesale 批发的；批发地
2025-09-28 16:05:34,667 - INFO - HTTP Request: POST https://api.moonshot.cn/v1/chat/completions "HTTP/1.1 200 OK"
2025-09-28 16:05:34,668 - INFO - Successfully processed word: portfolio 作品夹，公事包
2025-09-28 16:05:34,696 - INFO - Retrying request to /chat/completions in 0.864187 seconds
2025-09-28 16:05:35,053 - INFO - Retrying request to /chat/completions in 0.474403 seconds
2025-09-28 16:05:35,204 - INFO - HTTP Request: POST https://api.moonshot.cn/v1/chat/completions "HTTP/1.1 200 OK"
2025-09-28 16:05:35,205 - INFO - Successfully processed word: dessert 餐后甜点
2025-09-28 16:05:35,386 - INFO - HTTP Request: POST https://api.moonshot.cn/v1/chat/completions "HTTP/1.1 200 OK"
2025-09-28 16:05:35,387 - INFO - Successfully processed word: emergency room 急诊室
2025-09-28 16:05:37,385 - INFO - HTTP Request: POST https://api.moonshot.cn/v1/chat/completions "HTTP/1.1 200 OK"
2025-09-28 16:05:37,386 - INFO - Successfully processed word: subway 地铁 （注意区分
2025-09-28 16:05:38,055 - INFO - HTTP Request: POST https://api.moonshot.cn/v1/chat/completions "HTTP/1.1 200 OK"
2025-09-28 16:05:38,057 - INFO - Successfully processed word: expiration date 有效期限
2025-09-28 16:05:38,541 - INFO - HTTP Request: POST https://api.moonshot.cn/v1/chat/completions "HTTP/1.1 200 OK"
2025-09-28 16:05:38,542 - INFO - Successfully processed word: appetite 胃口，食欲
2025-09-28 16:05:41,195 - WARNING - Attempt 2 failed for word 'conveyance 运输；交通工具': Request timed out.. Retrying...
2025-09-28 16:05:50,587 - INFO - HTTP Request: POST https://api.moonshot.cn/v1/chat/completions "HTTP/1.1 200 OK"
2025-09-28 16:05:50,588 - INFO - Successfully processed word: immune 免除的；豁免的；免疫的
2025-09-28 16:05:51,524 - INFO - HTTP Request: POST https://api.moonshot.cn/v1/chat/completions "HTTP/1.1 200 OK"
2025-09-28 16:05:51,525 - INFO - Successfully processed word: oeuvre 开胃小菜
2025-09-28 16:05:52,302 - INFO - HTTP Request: POST https://api.moonshot.cn/v1/chat/completions "HTTP/1.1 200 OK"
2025-09-28 16:05:52,304 - INFO - Successfully processed word: leftovers 剩饭剩菜
2025-09-28 16:05:52,451 - WARNING - Attempt 1 failed for word 'pickpocket 扒手': Request timed out.. Retrying...
2025-09-28 16:05:53,028 - INFO - HTTP Request: POST https://api.moonshot.cn/v1/chat/completions "HTTP/1.1 200 OK"
2025-09-28 16:05:53,029 - INFO - Successfully processed word: general hospital 综合医院
2025-09-28 16:05:53,480 - INFO - HTTP Request: POST https://api.moonshot.cn/v1/chat/completions "HTTP/1.1 200 OK"
2025-09-28 16:05:53,481 - INFO - Successfully processed word: menu 菜单
2025-09-28 16:06:00,053 - INFO - HTTP Request: POST https://api.moonshot.cn/v1/chat/completions "HTTP/1.1 200 OK"
2025-09-28 16:06:00,053 - INFO - Successfully processed word: pastry 用面团和油酥烤成的小甜点心
2025-09-28 16:06:01,790 - INFO - HTTP Request: POST https://api.moonshot.cn/v1/chat/completions "HTTP/1.1 200 OK"
2025-09-28 16:06:01,791 - INFO - Successfully processed word: severe 严苛的；严格的；严重的
2025-09-28 16:06:02,483 - INFO - HTTP Request: POST https://api.moonshot.cn/v1/chat/completions "HTTP/1.1 200 OK"
2025-09-28 16:06:02,484 - INFO - Successfully processed word: investigator 调查员
2025-09-28 16:06:02,553 - INFO - HTTP Request: POST https://api.moonshot.cn/v1/chat/completions "HTTP/1.1 200 OK"
2025-09-28 16:06:02,555 - INFO - Successfully processed word: premium 奖品；额外费用；保费
2025-09-28 16:06:03,153 - INFO - HTTP Request: POST https://api.moonshot.cn/v1/chat/completions "HTTP/1.1 200 OK"
2025-09-28 16:06:03,154 - INFO - Successfully processed word: mandatory 命令的；强制的；义务的
2025-09-28 16:06:03,166 - INFO - HTTP Request: POST https://api.moonshot.cn/v1/chat/completions "HTTP/1.1 200 OK"
2025-09-28 16:06:03,167 - INFO - Successfully processed word: flea market 跳蚤市场
2025-09-28 16:06:03,609 - INFO - HTTP Request: POST https://api.moonshot.cn/v1/chat/completions "HTTP/1.1 200 OK"
2025-09-28 16:06:03,611 - INFO - Successfully processed word: outpatient 门诊病人
2025-09-28 16:06:04,243 - INFO - HTTP Request: POST https://api.moonshot.cn/v1/chat/completions "HTTP/1.1 200 OK"
2025-09-28 16:06:04,243 - INFO - Successfully processed word: seasoning 调味品；佐料
2025-09-28 16:06:04,660 - INFO - HTTP Request: POST https://api.moonshot.cn/v1/chat/completions "HTTP/1.1 200 OK"
2025-09-28 16:06:04,660 - INFO - Successfully processed word: napkin 餐巾
2025-09-28 16:06:06,624 - INFO - HTTP Request: POST https://api.moonshot.cn/v1/chat/completions "HTTP/1.1 200 OK"
2025-09-28 16:06:06,625 - INFO - Successfully processed word: parched 焦干的；极渴的
2025-09-28 16:06:08,343 - INFO - HTTP Request: POST https://api.moonshot.cn/v1/chat/completions "HTTP/1.1 200 OK"
2025-09-28 16:06:08,344 - INFO - Successfully processed word: infection 感染
2025-09-28 16:06:08,581 - INFO - HTTP Request: POST https://api.moonshot.cn/v1/chat/completions "HTTP/1.1 200 OK"
2025-09-28 16:06:08,583 - INFO - Successfully processed word: recipe 食谱；烹饪法；秘诀
2025-09-28 16:06:10,519 - INFO - HTTP Request: POST https://api.moonshot.cn/v1/chat/completions "HTTP/1.1 200 OK"
2025-09-28 16:06:10,521 - INFO - Successfully processed word: spice 香料；调味品
2025-09-28 16:06:12,804 - INFO - HTTP Request: POST https://api.moonshot.cn/v1/chat/completions "HTTP/1.1 200 OK"
2025-09-28 16:06:12,805 - INFO - Successfully processed word: aperitif 饭前酒
2025-09-28 16:06:13,346 - INFO - Retrying request to /chat/completions in 0.962514 seconds
2025-09-28 16:06:14,344 - INFO - HTTP Request: POST https://api.moonshot.cn/v1/chat/completions "HTTP/1.1 200 OK"
2025-09-28 16:06:14,345 - INFO - Successfully processed word: cuisine 烹调
2025-09-28 16:06:15,849 - INFO - Retrying request to /chat/completions in 0.433967 seconds
2025-09-28 16:06:15,946 - INFO - Retrying request to /chat/completions in 0.466528 seconds
2025-09-28 16:06:16,463 - INFO - HTTP Request: POST https://api.moonshot.cn/v1/chat/completions "HTTP/1.1 200 OK"
2025-09-28 16:06:16,463 - INFO - Successfully processed word: munch 用力嚼；大声咀嚼
2025-09-28 16:06:16,569 - INFO - HTTP Request: POST https://api.moonshot.cn/v1/chat/completions "HTTP/1.1 200 OK"
2025-09-28 16:06:16,571 - INFO - Successfully processed word: snack 小吃；点心 吃点心
2025-09-28 16:06:17,556 - INFO - HTTP Request: POST https://api.moonshot.cn/v1/chat/completions "HTTP/1.1 200 OK"
2025-09-28 16:06:17,557 - INFO - Successfully processed word: vegetarian 素食者
2025-09-28 16:06:17,806 - INFO - HTTP Request: POST https://api.moonshot.cn/v1/chat/completions "HTTP/1.1 200 OK"
2025-09-28 16:06:17,807 - INFO - Successfully processed word: antibiotic 抗生素
2025-09-28 16:06:18,920 - INFO - HTTP Request: POST https://api.moonshot.cn/v1/chat/completions "HTTP/1.1 200 OK"
2025-09-28 16:06:18,921 - INFO - Successfully processed word: stroke 脑血管破裂或阻塞；中风
2025-09-28 16:06:19,033 - INFO - HTTP Request: POST https://api.moonshot.cn/v1/chat/completions "HTTP/1.1 200 OK"
2025-09-28 16:06:19,034 - INFO - Successfully processed word: claim 要求；声称
2025-09-28 16:06:19,587 - INFO - HTTP Request: POST https://api.moonshot.cn/v1/chat/completions "HTTP/1.1 200 OK"
2025-09-28 16:06:19,587 - INFO - Successfully processed word: vital 非常必要的；及其重要的；攸关生死的
2025-09-28 16:06:19,730 - INFO - HTTP Request: POST https://api.moonshot.cn/v1/chat/completions "HTTP/1.1 200 OK"
2025-09-28 16:06:19,731 - INFO - Successfully processed word: terms 条文；条款；付款条件；价钱
2025-09-28 16:06:20,873 - INFO - HTTP Request: POST https://api.moonshot.cn/v1/chat/completions "HTTP/1.1 200 OK"
2025-09-28 16:06:20,874 - INFO - Successfully processed word: acceptance 接受；赞同
2025-09-28 16:06:25,799 - INFO - Retrying request to /chat/completions in 0.854787 seconds
2025-09-28 16:06:26,339 - INFO - HTTP Request: POST https://api.moonshot.cn/v1/chat/completions "HTTP/1.1 200 OK"
2025-09-28 16:06:26,341 - INFO - Successfully processed word: compensation 补偿；赔偿；报偿
2025-09-28 16:06:27,797 - INFO - HTTP Request: POST https://api.moonshot.cn/v1/chat/completions "HTTP/1.1 200 OK"
2025-09-28 16:06:27,798 - INFO - Successfully processed word: solicit 请求；恳求；祈求
2025-09-28 16:06:29,560 - INFO - HTTP Request: POST https://api.moonshot.cn/v1/chat/completions "HTTP/1.1 200 OK"
2025-09-28 16:06:29,561 - INFO - Successfully processed word: sample 样品；样本
2025-09-28 16:06:30,061 - INFO - HTTP Request: POST https://api.moonshot.cn/v1/chat/completions "HTTP/1.1 200 OK"
2025-09-28 16:06:30,063 - INFO - Successfully processed word: buffet 自助餐
2025-09-28 16:06:31,077 - INFO - HTTP Request: POST https://api.moonshot.cn/v1/chat/completions "HTTP/1.1 200 OK"
2025-09-28 16:06:31,082 - INFO - Successfully processed word: comprehensive 全面的；广泛的
2025-09-28 16:06:34,671 - INFO - Retrying request to /chat/completions in 0.381281 seconds
2025-09-28 16:06:35,404 - INFO - Retrying request to /chat/completions in 0.414404 seconds
2025-09-28 16:06:36,168 - INFO - Retrying request to /chat/completions in 0.753373 seconds
2025-09-28 16:06:37,391 - INFO - Retrying request to /chat/completions in 0.421734 seconds
2025-09-28 16:06:38,550 - INFO - Retrying request to /chat/completions in 0.390614 seconds
2025-09-28 16:06:39,085 - INFO - HTTP Request: POST https://api.moonshot.cn/v1/chat/completions "HTTP/1.1 200 OK"
2025-09-28 16:06:39,087 - INFO - Successfully processed word: handicap 残障；不利条件；障碍
2025-09-28 16:06:40,115 - INFO - HTTP Request: POST https://api.moonshot.cn/v1/chat/completions "HTTP/1.1 200 OK"
2025-09-28 16:06:40,116 - INFO - Successfully processed word: anniversary 周年纪念日
2025-09-28 16:06:42,458 - INFO - Retrying request to /chat/completions in 0.471096 seconds
2025-09-28 16:06:44,105 - INFO - HTTP Request: POST https://api.moonshot.cn/v1/chat/completions "HTTP/1.1 200 OK"
2025-09-28 16:06:44,106 - INFO - Successfully processed word: banquet 酒席；正式的宴会
2025-09-28 16:06:45,572 - INFO - HTTP Request: POST https://api.moonshot.cn/v1/chat/completions "HTTP/1.1 200 OK"
2025-09-28 16:06:45,573 - INFO - Successfully processed word: acquaintance 相识但是不是很熟的人
2025-09-28 16:06:46,234 - INFO - HTTP Request: POST https://api.moonshot.cn/v1/chat/completions "HTTP/1.1 200 OK"
2025-09-28 16:06:46,235 - INFO - Successfully processed word: nutrition 营养之供给或摄取；营养
2025-09-28 16:06:46,852 - INFO - HTTP Request: POST https://api.moonshot.cn/v1/chat/completions "HTTP/1.1 200 OK"
2025-09-28 16:06:46,854 - INFO - Successfully processed word: fraud 诈骗；骗局；骗子
2025-09-28 16:06:47,792 - INFO - HTTP Request: POST https://api.moonshot.cn/v1/chat/completions "HTTP/1.1 200 OK"
2025-09-28 16:06:47,793 - INFO - Successfully processed word: pickpocket 扒手
2025-09-28 16:06:51,553 - INFO - HTTP Request: POST https://api.moonshot.cn/v1/chat/completions "HTTP/1.1 200 OK"
2025-09-28 16:06:51,554 - INFO - Successfully processed word: commitment 承诺；许诺
2025-09-28 16:06:52,453 - INFO - HTTP Request: POST https://api.moonshot.cn/v1/chat/completions "HTTP/1.1 200 OK"
2025-09-28 16:06:52,454 - INFO - Successfully processed word: intensive care unit 加护病房
2025-09-28 16:06:52,509 - INFO - HTTP Request: POST https://api.moonshot.cn/v1/chat/completions "HTTP/1.1 200 OK"
2025-09-28 16:06:52,510 - INFO - Successfully processed word: embrace 拥抱；围绕；包括
2025-09-28 16:06:52,685 - INFO - HTTP Request: POST https://api.moonshot.cn/v1/chat/completions "HTTP/1.1 200 OK"
2025-09-28 16:06:52,686 - INFO - Successfully processed word: organ donor 器官捐赠者
2025-09-28 16:06:53,496 - INFO - Retrying request to /chat/completions in 0.409688 seconds
2025-09-28 16:06:54,277 - INFO - HTTP Request: POST https://api.moonshot.cn/v1/chat/completions "HTTP/1.1 200 OK"
2025-09-28 16:06:54,278 - INFO - Successfully processed word: liable 有义务的；易于……的；倾向于……的
2025-09-28 16:06:56,659 - INFO - HTTP Request: POST https://api.moonshot.cn/v1/chat/completions "HTTP/1.1 200 OK"
2025-09-28 16:06:56,660 - INFO - Successfully processed word: etiquette 礼节；规范
2025-09-28 16:06:57,350 - INFO - HTTP Request: POST https://api.moonshot.cn/v1/chat/completions "HTTP/1.1 200 OK"
2025-09-28 16:06:57,351 - INFO - Successfully processed word: distinguished 卓越的；杰出的；著名的
2025-09-28 16:06:58,835 - INFO - HTTP Request: POST https://api.moonshot.cn/v1/chat/completions "HTTP/1.1 200 OK"
2025-09-28 16:06:58,836 - INFO - Successfully processed word: courtesy 礼貌；礼仪；好意；殷勤
2025-09-28 16:06:59,155 - INFO - HTTP Request: POST https://api.moonshot.cn/v1/chat/completions "HTTP/1.1 200 OK"
2025-09-28 16:06:59,156 - INFO - Successfully processed word: dinning out 在外就餐（）
2025-09-28 16:06:59,801 - INFO - HTTP Request: POST https://api.moonshot.cn/v1/chat/completions "HTTP/1.1 200 OK"
2025-09-28 16:06:59,802 - INFO - Successfully processed word: side effect （药物之）副作用
2025-09-28 16:07:00,054 - INFO - Retrying request to /chat/completions in 0.471278 seconds
2025-09-28 16:07:04,241 - INFO - HTTP Request: POST https://api.moonshot.cn/v1/chat/completions "HTTP/1.1 200 OK"
2025-09-28 16:07:04,242 - INFO - Successfully processed word: purification 洗净；净化
2025-09-28 16:07:04,348 - INFO - HTTP Request: POST https://api.moonshot.cn/v1/chat/completions "HTTP/1.1 200 OK"
2025-09-28 16:07:04,349 - INFO - Successfully processed word: greeting 致敬；问候；（复数）致意；赞词
2025-09-28 16:07:04,855 - INFO - HTTP Request: POST https://api.moonshot.cn/v1/chat/completions "HTTP/1.1 200 OK"
2025-09-28 16:07:04,855 - INFO - Successfully processed word: surgery （外科）手术
2025-09-28 16:07:05,154 - INFO - HTTP Request: POST https://api.moonshot.cn/v1/chat/completions "HTTP/1.1 200 OK"
2025-09-28 16:07:05,155 - INFO - Successfully processed word: lavish 过分大方的；浪费的；丰富的 住房
2025-09-28 16:07:05,594 - INFO - HTTP Request: POST https://api.moonshot.cn/v1/chat/completions "HTTP/1.1 200 OK"
2025-09-28 16:07:05,596 - INFO - Successfully processed word: farewell 一路平安；再见；告别
2025-09-28 16:07:05,718 - INFO - HTTP Request: POST https://api.moonshot.cn/v1/chat/completions "HTTP/1.1 200 OK"
2025-09-28 16:07:05,719 - INFO - Successfully processed word: pharmaceutical 制药的；药品的
2025-09-28 16:07:09,592 - INFO - HTTP Request: POST https://api.moonshot.cn/v1/chat/completions "HTTP/1.1 200 OK"
2025-09-28 16:07:09,594 - INFO - Successfully processed word: get-together （非正式的社交）聚会
2025-09-28 16:07:09,631 - INFO - HTTP Request: POST https://api.moonshot.cn/v1/chat/completions "HTTP/1.1 200 OK"
2025-09-28 16:07:09,633 - INFO - Successfully processed word: waive 放弃；弃权
2025-09-28 16:07:11,405 - INFO - HTTP Request: POST https://api.moonshot.cn/v1/chat/completions "HTTP/1.1 200 OK"
2025-09-28 16:07:11,406 - INFO - Successfully processed word: appliance 设备；器具；工具；家用电器
2025-09-28 16:07:13,331 - INFO - HTTP Request: POST https://api.moonshot.cn/v1/chat/completions "HTTP/1.1 200 OK"
2025-09-28 16:07:13,332 - INFO - Successfully processed word: preservative 防腐剂
2025-09-28 16:07:16,528 - INFO - Retrying request to /chat/completions in 0.780997 seconds
2025-09-28 16:07:16,832 - INFO - HTTP Request: POST https://api.moonshot.cn/v1/chat/completions "HTTP/1.1 200 OK"
2025-09-28 16:07:16,833 - INFO - Successfully processed word: nosy 好管闲事的；爱打听的
2025-09-28 16:07:17,820 - INFO - Retrying request to /chat/completions in 0.404428 seconds
2025-09-28 16:07:18,929 - INFO - Retrying request to /chat/completions in 0.420585 seconds
2025-09-28 16:07:20,146 - INFO - HTTP Request: POST https://api.moonshot.cn/v1/chat/completions "HTTP/1.1 200 OK"
2025-09-28 16:07:20,147 - INFO - Successfully processed word: offensive 令人不快的；讨厌的；冒犯的
2025-09-28 16:07:20,306 - INFO - HTTP Request: POST https://api.moonshot.cn/v1/chat/completions "HTTP/1.1 200 OK"
2025-09-28 16:07:20,306 - INFO - Successfully processed word: coverage 报道范围；保险范围
2025-09-28 16:07:22,767 - INFO - HTTP Request: POST https://api.moonshot.cn/v1/chat/completions "HTTP/1.1 200 OK"
2025-09-28 16:07:22,769 - INFO - Successfully processed word: regards 问候；致意
2025-09-28 16:07:23,514 - INFO - HTTP Request: POST https://api.moonshot.cn/v1/chat/completions "HTTP/1.1 200 OK"
2025-09-28 16:07:23,515 - INFO - Successfully processed word: protocol 外交礼仪；草约
2025-09-28 16:07:24,269 - INFO - HTTP Request: POST https://api.moonshot.cn/v1/chat/completions "HTTP/1.1 200 OK"
2025-09-28 16:07:24,270 - INFO - Successfully processed word: community 社区
2025-09-28 16:07:26,886 - WARNING - Attempt 1 failed for word 'medicine & insurance 医疗及保险': Request timed out.. Retrying...
2025-09-28 16:07:27,183 - INFO - HTTP Request: POST https://api.moonshot.cn/v1/chat/completions "HTTP/1.1 200 OK"
2025-09-28 16:07:27,184 - INFO - Successfully processed word: burglar 窃贼；夜间入屋行窃的小偷
2025-09-28 16:07:28,231 - INFO - HTTP Request: POST https://api.moonshot.cn/v1/chat/completions "HTTP/1.1 200 OK"
2025-09-28 16:07:28,232 - INFO - Successfully processed word: acknowledge 承认；承认……之存在、权力；
2025-09-28 16:07:31,286 - INFO - HTTP Request: POST https://api.moonshot.cn/v1/chat/completions "HTTP/1.1 200 OK"
2025-09-28 16:07:31,287 - INFO - Successfully processed word: crash 相撞；碰撞；突然发出巨响
2025-09-28 16:07:32,648 - INFO - HTTP Request: POST https://api.moonshot.cn/v1/chat/completions "HTTP/1.1 200 OK"
2025-09-28 16:07:32,649 - INFO - Successfully processed word: excruciating 极痛苦的；极度的
2025-09-28 16:07:33,447 - INFO - HTTP Request: POST https://api.moonshot.cn/v1/chat/completions "HTTP/1.1 200 OK"
2025-09-28 16:07:33,449 - INFO - Successfully processed word: electronics 电子学
2025-09-28 16:07:35,371 - INFO - Retrying request to /chat/completions in 0.769321 seconds
2025-09-28 16:07:36,214 - INFO - HTTP Request: POST https://api.moonshot.cn/v1/chat/completions "HTTP/1.1 200 OK"
2025-09-28 16:07:36,215 - INFO - Successfully processed word: salute 向……打招呼；向……行军礼；
2025-09-28 16:07:37,619 - INFO - HTTP Request: POST https://api.moonshot.cn/v1/chat/completions "HTTP/1.1 200 OK"
2025-09-28 16:07:37,620 - INFO - Successfully processed word: garbage disposal 垃圾处理机
2025-09-28 16:07:38,077 - INFO - Retrying request to /chat/completions in 0.859298 seconds
2025-09-28 16:07:38,348 - INFO - HTTP Request: POST https://api.moonshot.cn/v1/chat/completions "HTTP/1.1 200 OK"
2025-09-28 16:07:38,349 - INFO - Successfully processed word: attractive 引人入胜；有吸引力的；迷人
2025-09-28 16:07:42,719 - INFO - HTTP Request: POST https://api.moonshot.cn/v1/chat/completions "HTTP/1.1 200 OK"
2025-09-28 16:07:42,720 - INFO - Successfully processed word: landlord 地主；房东
2025-09-28 16:07:43,227 - INFO - Retrying request to /chat/completions in 0.998636 seconds
2025-09-28 16:07:43,886 - INFO - HTTP Request: POST https://api.moonshot.cn/v1/chat/completions "HTTP/1.1 200 OK"
2025-09-28 16:07:43,887 - INFO - Successfully processed word: associate ()同事；伙伴 ()联想；交往
2025-09-28 16:07:43,948 - INFO - HTTP Request: POST https://api.moonshot.cn/v1/chat/completions "HTTP/1.1 200 OK"
2025-09-28 16:07:43,949 - INFO - Successfully processed word: compliment 赞扬；恭维
2025-09-28 16:07:44,018 - INFO - HTTP Request: POST https://api.moonshot.cn/v1/chat/completions "HTTP/1.1 200 OK"
2025-09-28 16:07:44,020 - INFO - Successfully processed word: aggressive 挑衅的；有侵略性的；有进取
2025-09-28 16:07:44,115 - INFO - Retrying request to /chat/completions in 0.386455 seconds
2025-09-28 16:07:45,581 - INFO - Retrying request to /chat/completions in 0.442648 seconds
2025-09-28 16:07:47,978 - INFO - HTTP Request: POST https://api.moonshot.cn/v1/chat/completions "HTTP/1.1 200 OK"
2025-09-28 16:07:47,979 - INFO - Successfully processed word: laundry 洗衣店；要洗或已洗好的衣物
2025-09-28 16:07:48,077 - INFO - HTTP Request: POST https://api.moonshot.cn/v1/chat/completions "HTTP/1.1 200 OK"
2025-09-28 16:07:48,078 - INFO - Successfully processed word: barrier 障碍；障碍物；隔阂
2025-09-28 16:07:49,026 - INFO - HTTP Request: POST https://api.moonshot.cn/v1/chat/completions "HTTP/1.1 200 OK"
2025-09-28 16:07:49,027 - INFO - Successfully processed word: criticize 批评；评论
2025-09-28 16:07:49,067 - INFO - HTTP Request: POST https://api.moonshot.cn/v1/chat/completions "HTTP/1.1 200 OK"
2025-09-28 16:07:49,068 - INFO - Successfully processed word: indemnity 损害保障；损害赔偿
2025-09-28 16:07:49,650 - INFO - HTTP Request: POST https://api.moonshot.cn/v1/chat/completions "HTTP/1.1 200 OK"
2025-09-28 16:07:49,651 - INFO - Successfully processed word: ornament 装饰品
2025-09-28 16:07:52,522 - INFO - Retrying request to /chat/completions in 0.428725 seconds
2025-09-28 16:07:52,694 - INFO - Retrying request to /chat/completions in 0.499835 seconds
2025-09-28 16:07:53,214 - INFO - HTTP Request: POST https://api.moonshot.cn/v1/chat/completions "HTTP/1.1 200 OK"
2025-09-28 16:07:53,215 - INFO - Successfully processed word: favorable 令人满意的；博得赞许的；有帮助的?
2025-09-28 16:07:54,188 - INFO - HTTP Request: POST https://api.moonshot.cn/v1/chat/completions "HTTP/1.1 200 OK"
2025-09-28 16:07:54,189 - INFO - Successfully processed word: real estate 不动产
2025-09-28 16:07:56,666 - INFO - Retrying request to /chat/completions in 0.472838 seconds
2025-09-28 16:07:57,450 - INFO - HTTP Request: POST https://api.moonshot.cn/v1/chat/completions "HTTP/1.1 200 OK"
2025-09-28 16:07:57,451 - INFO - Successfully processed word: plumbing 水管设施
2025-09-28 16:07:58,848 - INFO - Retrying request to /chat/completions in 0.468110 seconds
2025-09-28 16:08:04,166 - INFO - HTTP Request: POST https://api.moonshot.cn/v1/chat/completions "HTTP/1.1 200 OK"
2025-09-28 16:08:04,167 - INFO - Successfully processed word: option 选择权；选择之自由；
2025-09-28 16:08:04,184 - INFO - HTTP Request: POST https://api.moonshot.cn/v1/chat/completions "HTTP/1.1 200 OK"
2025-09-28 16:08:04,185 - INFO - Successfully processed word: encounter 相遇；遭遇 偶然碰见；面临
2025-09-28 16:08:04,699 - INFO - HTTP Request: POST https://api.moonshot.cn/v1/chat/completions "HTTP/1.1 200 OK"
2025-09-28 16:08:04,700 - INFO - Successfully processed word: renovate 更新；修复；恢复
2025-09-28 16:08:04,860 - INFO - Retrying request to /chat/completions in 0.381157 seconds
2025-09-28 16:08:05,005 - INFO - HTTP Request: POST https://api.moonshot.cn/v1/chat/completions "HTTP/1.1 200 OK"
2025-09-28 16:08:05,005 - INFO - Successfully processed word: rural 乡下；田园
2025-09-28 16:08:05,173 - INFO - Retrying request to /chat/completions in 0.419284 seconds
2025-09-28 16:08:09,598 - INFO - Retrying request to /chat/completions in 0.380493 seconds
2025-09-28 16:08:10,340 - INFO - HTTP Request: POST https://api.moonshot.cn/v1/chat/completions "HTTP/1.1 200 OK"
2025-09-28 16:08:10,347 - INFO - Successfully processed word: prompt 准时的；按时的；迅速的；立刻行动的
2025-09-28 16:08:10,757 - INFO - HTTP Request: POST https://api.moonshot.cn/v1/chat/completions "HTTP/1.1 200 OK"
2025-09-28 16:08:10,758 - INFO - Successfully processed word: hilarious 狂欢的；令人捧腹的
2025-09-28 16:08:12,069 - INFO - HTTP Request: POST https://api.moonshot.cn/v1/chat/completions "HTTP/1.1 200 OK"
2025-09-28 16:08:12,070 - INFO - Successfully processed word: urban 都市的；都市式的
2025-09-28 16:08:12,309 - INFO - HTTP Request: POST https://api.moonshot.cn/v1/chat/completions "HTTP/1.1 200 OK"
2025-09-28 16:08:12,310 - INFO - Successfully processed word: nuisance 讨厌之人、事、物
2025-09-28 16:08:12,990 - INFO - HTTP Request: POST https://api.moonshot.cn/v1/chat/completions "HTTP/1.1 200 OK"
2025-09-28 16:08:12,991 - INFO - Successfully processed word: gossip 闲话；流言； 说闲话
2025-09-28 16:08:15,644 - INFO - HTTP Request: POST https://api.moonshot.cn/v1/chat/completions "HTTP/1.1 200 OK"
2025-09-28 16:08:15,645 - INFO - Successfully processed word: suburb （常用复数）郊区；近郊
2025-09-28 16:08:15,859 - INFO - HTTP Request: POST https://api.moonshot.cn/v1/chat/completions "HTTP/1.1 200 OK"
2025-09-28 16:08:15,860 - INFO - Successfully processed word: trauma 外伤；心灵的伤
2025-09-28 16:08:16,353 - INFO - HTTP Request: POST https://api.moonshot.cn/v1/chat/completions "HTTP/1.1 200 OK"
2025-09-28 16:08:16,355 - INFO - Successfully processed word: hug 拥抱；紧抱
2025-09-28 16:08:20,993 - INFO - HTTP Request: POST https://api.moonshot.cn/v1/chat/completions "HTTP/1.1 200 OK"
2025-09-28 16:08:20,994 - INFO - Successfully processed word: fire alarm 火灾警报器
2025-09-28 16:08:21,467 - INFO - HTTP Request: POST https://api.moonshot.cn/v1/chat/completions "HTTP/1.1 200 OK"
2025-09-28 16:08:21,468 - INFO - Successfully processed word: intrude 闯入；侵入；把……强加诸于
2025-09-28 16:08:22,535 - INFO - HTTP Request: POST https://api.moonshot.cn/v1/chat/completions "HTTP/1.1 200 OK"
2025-09-28 16:08:22,536 - INFO - Successfully processed word: balcony 阳台；包厢
2025-09-28 16:08:24,281 - INFO - Retrying request to /chat/completions in 0.394568 seconds
2025-09-28 16:08:26,159 - INFO - HTTP Request: POST https://api.moonshot.cn/v1/chat/completions "HTTP/1.1 200 OK"
2025-09-28 16:08:26,160 - INFO - Successfully processed word: run into 偶遇；碰上
2025-09-28 16:08:26,520 - INFO - HTTP Request: POST https://api.moonshot.cn/v1/chat/completions "HTTP/1.1 200 OK"
2025-09-28 16:08:26,522 - INFO - Successfully processed word: chore 家务难事；困难繁琐无趣的工作
2025-09-28 16:08:28,244 - INFO - Retrying request to /chat/completions in 0.439860 seconds
2025-09-28 16:08:31,306 - INFO - HTTP Request: POST https://api.moonshot.cn/v1/chat/completions "HTTP/1.1 200 OK"
2025-09-28 16:08:31,307 - INFO - Successfully processed word: down payment 头期款；预付金；定金
2025-09-28 16:08:31,627 - INFO - HTTP Request: POST https://api.moonshot.cn/v1/chat/completions "HTTP/1.1 200 OK"
2025-09-28 16:08:31,628 - INFO - Successfully processed word: furniture 家具
2025-09-28 16:08:33,080 - INFO - HTTP Request: POST https://api.moonshot.cn/v1/chat/completions "HTTP/1.1 200 OK"
2025-09-28 16:08:33,081 - INFO - Successfully processed word: 住宅区；临近地区
2025-09-28 16:08:33,143 - INFO - HTTP Request: POST https://api.moonshot.cn/v1/chat/completions "HTTP/1.1 200 OK"
2025-09-28 16:08:33,145 - INFO - Successfully processed word: garage 车库；修车厂
2025-09-28 16:08:33,457 - INFO - Retrying request to /chat/completions in 0.474759 seconds
2025-09-28 16:08:33,825 - INFO - HTTP Request: POST https://api.moonshot.cn/v1/chat/completions "HTTP/1.1 200 OK"
2025-09-28 16:08:33,826 - INFO - Successfully processed word: scandal 丑闻；引人愤慨之事
2025-09-28 16:08:34,034 - INFO - HTTP Request: POST https://api.moonshot.cn/v1/chat/completions "HTTP/1.1 200 OK"
2025-09-28 16:08:34,035 - INFO - Successfully processed word: commission 佣金
2025-09-28 16:08:34,121 - INFO - HTTP Request: POST https://api.moonshot.cn/v1/chat/completions "HTTP/1.1 200 OK"
2025-09-28 16:08:34,122 - INFO - Successfully processed word: kitchenware 厨房用具
2025-09-28 16:08:34,977 - INFO - HTTP Request: POST https://api.moonshot.cn/v1/chat/completions "HTTP/1.1 200 OK"
2025-09-28 16:08:34,978 - INFO - Successfully processed word: loan shark 放高利贷者
2025-09-28 16:08:37,070 - INFO - HTTP Request: POST https://api.moonshot.cn/v1/chat/completions "HTTP/1.1 200 OK"
2025-09-28 16:08:37,073 - INFO - Successfully processed word: diagnose 诊断；判断
2025-09-28 16:08:38,109 - INFO - HTTP Request: POST https://api.moonshot.cn/v1/chat/completions "HTTP/1.1 200 OK"
2025-09-28 16:08:38,110 - INFO - Successfully processed word: conveyance 运输；交通工具
2025-09-28 16:08:39,687 - INFO - HTTP Request: POST https://api.moonshot.cn/v1/chat/completions "HTTP/1.1 200 OK"
2025-09-28 16:08:39,688 - INFO - Successfully processed word: furnishings 家具；室内陈设
2025-09-28 16:08:43,768 - INFO - HTTP Request: POST https://api.moonshot.cn/v1/chat/completions "HTTP/1.1 200 OK"
2025-09-28 16:08:43,769 - INFO - Successfully processed word: playground 运动场；游戏场；游乐场
2025-09-28 16:08:44,217 - INFO - HTTP Request: POST https://api.moonshot.cn/v1/chat/completions "HTTP/1.1 200 OK"
2025-09-28 16:08:44,219 - INFO - Successfully processed word: messy 杂乱的；肮脏的
2025-09-28 16:08:44,426 - INFO - HTTP Request: POST https://api.moonshot.cn/v1/chat/completions "HTTP/1.1 200 OK"
2025-09-28 16:08:44,427 - INFO - Successfully processed word: apologize 道歉
2025-09-28 16:08:44,505 - INFO - HTTP Request: POST https://api.moonshot.cn/v1/chat/completions "HTTP/1.1 200 OK"
2025-09-28 16:08:44,506 - INFO - Successfully processed word: mattress 床垫
2025-09-28 16:08:44,765 - INFO - Retrying request to /chat/completions in 0.970267 seconds
2025-09-28 16:08:45,253 - INFO - HTTP Request: POST https://api.moonshot.cn/v1/chat/completions "HTTP/1.1 200 OK"
2025-09-28 16:08:45,254 - INFO - Successfully processed word: lease 租约；出租；租用
2025-09-28 16:08:46,757 - INFO - HTTP Request: POST https://api.moonshot.cn/v1/chat/completions "HTTP/1.1 200 OK"
2025-09-28 16:08:46,757 - INFO - Successfully processed word: mortgage 抵押货（借）款
2025-09-28 16:08:47,996 - INFO - Retrying request to /chat/completions in 0.433079 seconds
2025-09-28 16:08:48,089 - INFO - Retrying request to /chat/completions in 0.379750 seconds
2025-09-28 16:08:49,099 - INFO - HTTP Request: POST https://api.moonshot.cn/v1/chat/completions "HTTP/1.1 200 OK"
2025-09-28 16:08:49,101 - INFO - Successfully processed word: property 财产；地产
2025-09-28 16:08:49,660 - INFO - Retrying request to /chat/completions in 0.418726 seconds
2025-09-28 16:08:49,868 - INFO - HTTP Request: POST https://api.moonshot.cn/v1/chat/completions "HTTP/1.1 200 OK"
2025-09-28 16:08:49,869 - INFO - Successfully processed word: audience 听众；观众
2025-09-28 16:08:51,890 - INFO - HTTP Request: POST https://api.moonshot.cn/v1/chat/completions "HTTP/1.1 200 OK"
2025-09-28 16:08:51,891 - INFO - Successfully processed word: amuse 使欢乐；使愉快；使发笑
2025-09-28 16:08:54,434 - INFO - HTTP Request: POST https://api.moonshot.cn/v1/chat/completions "HTTP/1.1 200 OK"
2025-09-28 16:08:54,435 - INFO - Successfully processed word: possession 所有；个人财产
2025-09-28 16:08:56,257 - INFO - HTTP Request: POST https://api.moonshot.cn/v1/chat/completions "HTTP/1.1 200 OK"
2025-09-28 16:08:56,258 - INFO - Successfully processed word: celebrity 名人；名声
2025-09-28 16:08:59,019 - INFO - HTTP Request: POST https://api.moonshot.cn/v1/chat/completions "HTTP/1.1 200 OK"
2025-09-28 16:08:59,020 - INFO - Successfully processed word: cinema 电影；影片；电影院；电影艺术；电影业
2025-09-28 16:09:00,498 - INFO - HTTP Request: POST https://api.moonshot.cn/v1/chat/completions "HTTP/1.1 200 OK"
2025-09-28 16:09:00,499 - INFO - Successfully processed word: extend 延伸 延续；扩大；延长；给予；提供
2025-09-28 16:09:00,917 - INFO - HTTP Request: POST https://api.moonshot.cn/v1/chat/completions "HTTP/1.1 200 OK"
2025-09-28 16:09:00,919 - INFO - Successfully processed word: porch 门廊；游廊
2025-09-28 16:09:01,409 - INFO - HTTP Request: POST https://api.moonshot.cn/v1/chat/completions "HTTP/1.1 200 OK"
2025-09-28 16:09:01,410 - INFO - Successfully processed word: ballet 芭蕾舞
2025-09-28 16:09:02,137 - INFO - HTTP Request: POST https://api.moonshot.cn/v1/chat/completions "HTTP/1.1 200 OK"
2025-09-28 16:09:02,139 - INFO - Successfully processed word: storage 储藏；藏室
2025-09-28 16:09:05,609 - INFO - Retrying request to /chat/completions in 0.973492 seconds
2025-09-28 16:09:05,683 - INFO - HTTP Request: POST https://api.moonshot.cn/v1/chat/completions "HTTP/1.1 200 OK"
2025-09-28 16:09:05,684 - INFO - Successfully processed word: composer 作曲家
2025-09-28 16:09:05,891 - INFO - HTTP Request: POST https://api.moonshot.cn/v1/chat/completions "HTTP/1.1 200 OK"
2025-09-28 16:09:05,892 - INFO - Successfully processed word: utility 公共实业；实用
2025-09-28 16:09:06,703 - INFO - HTTP Request: POST https://api.moonshot.cn/v1/chat/completions "HTTP/1.1 200 OK"
2025-09-28 16:09:06,705 - INFO - Successfully processed word: relocate 重新安置；迁徙
2025-09-28 16:09:10,349 - INFO - Retrying request to /chat/completions in 0.496553 seconds
2025-09-28 16:09:11,444 - INFO - HTTP Request: POST https://api.moonshot.cn/v1/chat/completions "HTTP/1.1 200 OK"
2025-09-28 16:09:11,445 - INFO - Successfully processed word: residence 住所；公馆；居住
2025-09-28 16:09:13,006 - INFO - HTTP Request: POST https://api.moonshot.cn/v1/chat/completions "HTTP/1.1 200 OK"
2025-09-28 16:09:13,007 - INFO - Successfully processed word: periodical 杂志；期刊
2025-09-28 16:09:14,589 - INFO - HTTP Request: POST https://api.moonshot.cn/v1/chat/completions "HTTP/1.1 200 OK"
2025-09-28 16:09:14,590 - INFO - Successfully processed word: modest 谦逊的；适度的；朴实的；端庄的 住房
2025-09-28 16:09:14,898 - INFO - HTTP Request: POST https://api.moonshot.cn/v1/chat/completions "HTTP/1.1 200 OK"
2025-09-28 16:09:14,899 - INFO - Successfully processed word: cue 暗示；提示
2025-09-28 16:09:16,222 - INFO - HTTP Request: POST https://api.moonshot.cn/v1/chat/completions "HTTP/1.1 200 OK"
2025-09-28 16:09:16,224 - INFO - Successfully processed word: newscast 新闻广播
2025-09-28 16:09:16,228 - INFO - HTTP Request: POST https://api.moonshot.cn/v1/chat/completions "HTTP/1.1 200 OK"
2025-09-28 16:09:16,229 - INFO - Successfully processed word: conductor 指挥家
2025-09-28 16:09:16,366 - INFO - Retrying request to /chat/completions in 0.454731 seconds
2025-09-28 16:09:19,951 - INFO - HTTP Request: POST https://api.moonshot.cn/v1/chat/completions "HTTP/1.1 200 OK"
2025-09-28 16:09:19,952 - INFO - Successfully processed word: drama 戏剧；剧本
2025-09-28 16:09:22,525 - INFO - HTTP Request: POST https://api.moonshot.cn/v1/chat/completions "HTTP/1.1 200 OK"
2025-09-28 16:09:22,526 - INFO - Successfully processed word: fare 车费；票价
2025-09-28 16:09:24,425 - INFO - HTTP Request: POST https://api.moonshot.cn/v1/chat/completions "HTTP/1.1 200 OK"
2025-09-28 16:09:24,427 - INFO - Successfully processed word: affection 感情；钟爱
2025-09-28 16:09:28,311 - INFO - HTTP Request: POST https://api.moonshot.cn/v1/chat/completions "HTTP/1.1 200 OK"
2025-09-28 16:09:28,312 - INFO - HTTP Request: POST https://api.moonshot.cn/v1/chat/completions "HTTP/1.1 200 OK"
2025-09-28 16:09:28,314 - INFO - Successfully processed word: headline （报纸的）标题
2025-09-28 16:09:28,317 - INFO - Successfully processed word: delighted 欣喜的；愉快的
2025-09-28 16:09:28,892 - INFO - Retrying request to /chat/completions in 0.889123 seconds
2025-09-28 16:10:19,682 - INFO - 开始多线程处理 837 个单词，最大并发数: 45，延迟: 0.5秒
2025-09-28 16:11:02,734 - INFO - HTTP Request: POST https://api.moonshot.cn/v1/chat/completions "HTTP/1.1 200 OK"
2025-09-28 16:11:02,742 - INFO - Successfully processed word: jeopardy 风险；危险；危难
2025-09-28 16:11:03,795 - INFO - HTTP Request: POST https://api.moonshot.cn/v1/chat/completions "HTTP/1.1 200 OK"
2025-09-28 16:11:03,797 - INFO - Successfully processed word: punctualit 准时；守时
2025-09-28 16:11:05,560 - INFO - HTTP Request: POST https://api.moonshot.cn/v1/chat/completions "HTTP/1.1 200 OK"
2025-09-28 16:11:05,561 - INFO - Successfully processed word: pedestrian 行人；步行者
2025-09-28 16:11:06,516 - INFO - HTTP Request: POST https://api.moonshot.cn/v1/chat/completions "HTTP/1.1 200 OK"
2025-09-28 16:11:06,518 - INFO - Successfully processed word: launch 发射；开始
2025-09-28 16:11:07,176 - INFO - HTTP Request: POST https://api.moonshot.cn/v1/chat/completions "HTTP/1.1 200 OK"
2025-09-28 16:11:07,177 - INFO - Successfully processed word: ground crew 地勤人员 .
2025-09-28 16:11:07,394 - INFO - HTTP Request: POST https://api.moonshot.cn/v1/chat/completions "HTTP/1.1 200 OK"
2025-09-28 16:11:07,395 - INFO - Successfully processed word: airliner 大型客机
2025-09-28 16:11:07,557 - INFO - HTTP Request: POST https://api.moonshot.cn/v1/chat/completions "HTTP/1.1 200 OK"
2025-09-28 16:11:07,558 - INFO - Successfully processed word: buckle up 系安全带
2025-09-28 16:11:08,351 - INFO - HTTP Request: POST https://api.moonshot.cn/v1/chat/completions "HTTP/1.1 200 OK"
2025-09-28 16:11:08,351 - INFO - Successfully processed word: portfolio 作品夹，公事包
2025-09-28 16:11:11,078 - INFO - HTTP Request: POST https://api.moonshot.cn/v1/chat/completions "HTTP/1.1 200 OK"
2025-09-28 16:11:11,079 - INFO - Successfully processed word: navigate 航行；驾驶
2025-09-28 16:11:11,678 - INFO - HTTP Request: POST https://api.moonshot.cn/v1/chat/completions "HTTP/1.1 200 OK"
2025-09-28 16:11:11,687 - INFO - Successfully processed word: metro
2025-09-28 16:11:12,234 - INFO - HTTP Request: POST https://api.moonshot.cn/v1/chat/completions "HTTP/1.1 200 OK"
2025-09-28 16:11:12,235 - INFO - Successfully processed word: commuter 通勤者
2025-09-28 16:11:13,073 - INFO - HTTP Request: POST https://api.moonshot.cn/v1/chat/completions "HTTP/1.1 200 OK"
2025-09-28 16:11:13,074 - INFO - Successfully processed word: freight 货运；货物
2025-09-28 16:11:13,241 - INFO - HTTP Request: POST https://api.moonshot.cn/v1/chat/completions "HTTP/1.1 200 OK"
2025-09-28 16:11:13,242 - INFO - Successfully processed word: printed matter 印刷品
2025-09-28 16:11:14,347 - INFO - HTTP Request: POST https://api.moonshot.cn/v1/chat/completions "HTTP/1.1 200 OK"
2025-09-28 16:11:14,348 - INFO - Successfully processed word: aviation 飞行；航空学
2025-09-28 16:11:14,668 - INFO - HTTP Request: POST https://api.moonshot.cn/v1/chat/completions "HTTP/1.1 200 OK"
2025-09-28 16:11:14,669 - INFO - Successfully processed word: filing 归档
2025-09-28 16:11:15,408 - INFO - HTTP Request: POST https://api.moonshot.cn/v1/chat/completions "HTTP/1.1 200 OK"
2025-09-28 16:11:15,409 - INFO - Successfully processed word: highway
2025-09-28 16:11:15,782 - INFO - HTTP Request: POST https://api.moonshot.cn/v1/chat/completions "HTTP/1.1 200 OK"
2025-09-28 16:11:15,783 - INFO - Successfully processed word: bulletin 公报；告示；定期报告书
2025-09-28 16:11:15,926 - INFO - HTTP Request: POST https://api.moonshot.cn/v1/chat/completions "HTTP/1.1 200 OK"
2025-09-28 16:11:15,927 - INFO - Successfully processed word: intersection n. 交叉；十字路口；交集；交叉点
2025-09-28 16:11:16,164 - INFO - HTTP Request: POST https://api.moonshot.cn/v1/chat/completions "HTTP/1.1 200 OK"
2025-09-28 16:11:16,166 - INFO - Successfully processed word: convertible 敞篷车
2025-09-28 16:11:16,774 - INFO - HTTP Request: POST https://api.moonshot.cn/v1/chat/completions "HTTP/1.1 200 OK"
2025-09-28 16:11:16,775 - INFO - Successfully processed word: conveyance 运输；交通工具
2025-09-28 16:11:17,212 - INFO - HTTP Request: POST https://api.moonshot.cn/v1/chat/completions "HTTP/1.1 200 OK"
2025-09-28 16:11:17,214 - INFO - Successfully processed word: directory 人名住址薄
2025-09-28 16:11:17,366 - INFO - HTTP Request: POST https://api.moonshot.cn/v1/chat/completions "HTTP/1.1 200 OK"
2025-09-28 16:11:17,367 - INFO - Successfully processed word: cargo 货物
2025-09-28 16:11:17,739 - INFO - HTTP Request: POST https://api.moonshot.cn/v1/chat/completions "HTTP/1.1 200 OK"
2025-09-28 16:11:17,741 - INFO - Successfully processed word: staff 全体职员
2025-09-28 16:11:17,991 - INFO - HTTP Request: POST https://api.moonshot.cn/v1/chat/completions "HTTP/1.1 200 OK"
2025-09-28 16:11:17,992 - INFO - Successfully processed word: memo 便条；便笺；备忘录
2025-09-28 16:11:18,007 - INFO - HTTP Request: POST https://api.moonshot.cn/v1/chat/completions "HTTP/1.1 200 OK"
2025-09-28 16:11:18,017 - INFO - Successfully processed word: subway 地铁 （注意区分
2025-09-28 16:11:18,373 - INFO - HTTP Request: POST https://api.moonshot.cn/v1/chat/completions "HTTP/1.1 200 OK"
2025-09-28 16:11:18,374 - INFO - Successfully processed word: crossroads 十字路口
2025-09-28 16:11:19,130 - INFO - HTTP Request: POST https://api.moonshot.cn/v1/chat/completions "HTTP/1.1 200 OK"
2025-09-28 16:11:19,131 - INFO - Successfully processed word: accelerate 加速；促进；前进
2025-09-28 16:11:20,348 - INFO - Retrying request to /chat/completions in 0.384068 seconds
2025-09-28 16:11:20,349 - INFO - Retrying request to /chat/completions in 0.470587 seconds
2025-09-28 16:11:20,350 - INFO - Retrying request to /chat/completions in 0.394466 seconds
2025-09-28 16:11:20,350 - INFO - Retrying request to /chat/completions in 0.492559 seconds
2025-09-28 16:11:20,380 - INFO - Retrying request to /chat/completions in 0.423248 seconds
2025-09-28 16:11:20,381 - INFO - Retrying request to /chat/completions in 0.434254 seconds
2025-09-28 16:11:20,381 - INFO - Retrying request to /chat/completions in 0.427806 seconds
2025-09-28 16:11:20,396 - INFO - Retrying request to /chat/completions in 0.419468 seconds
2025-09-28 16:11:20,396 - INFO - Retrying request to /chat/completions in 0.394440 seconds
2025-09-28 16:11:20,397 - INFO - Retrying request to /chat/completions in 0.484504 seconds
2025-09-28 16:11:20,397 - INFO - Retrying request to /chat/completions in 0.382992 seconds
2025-09-28 16:11:20,398 - INFO - Retrying request to /chat/completions in 0.495568 seconds
2025-09-28 16:11:20,398 - INFO - Retrying request to /chat/completions in 0.409691 seconds
2025-09-28 16:11:20,398 - INFO - Retrying request to /chat/completions in 0.448018 seconds
2025-09-28 16:11:20,398 - INFO - Retrying request to /chat/completions in 0.484834 seconds
2025-09-28 16:11:20,399 - INFO - Retrying request to /chat/completions in 0.476668 seconds
2025-09-28 16:11:20,399 - INFO - Retrying request to /chat/completions in 0.432202 seconds
2025-09-28 16:11:20,400 - INFO - Retrying request to /chat/completions in 0.447664 seconds
2025-09-28 16:11:48,506 - INFO - HTTP Request: POST https://api.moonshot.cn/v1/chat/completions "HTTP/1.1 200 OK"
2025-09-28 16:11:48,508 - INFO - Successfully processed word: shortcut 近路；捷径
2025-09-28 16:11:48,692 - INFO - HTTP Request: POST https://api.moonshot.cn/v1/chat/completions "HTTP/1.1 200 OK"
2025-09-28 16:11:48,693 - INFO - Successfully processed word: via 经由；借由
2025-09-28 16:11:55,389 - INFO - HTTP Request: POST https://api.moonshot.cn/v1/chat/completions "HTTP/1.1 200 OK"
2025-09-28 16:11:55,390 - INFO - Successfully processed word: timetable 时间表；时刻表
2025-09-28 16:11:58,260 - INFO - HTTP Request: POST https://api.moonshot.cn/v1/chat/completions "HTTP/1.1 200 OK"
2025-09-28 16:11:58,260 - INFO - Successfully processed word: tardy 迟缓；迟到的；迟延的
2025-09-28 16:12:02,356 - INFO - HTTP Request: POST https://api.moonshot.cn/v1/chat/completions "HTTP/1.1 200 OK"
2025-09-28 16:12:02,357 - INFO - Successfully processed word: secretary 秘书
2025-09-28 16:12:03,072 - INFO - HTTP Request: POST https://api.moonshot.cn/v1/chat/completions "HTTP/1.1 200 OK"
2025-09-28 16:12:03,073 - INFO - Successfully processed word: runway 飞机跑道
2025-09-28 16:12:03,148 - INFO - HTTP Request: POST https://api.moonshot.cn/v1/chat/completions "HTTP/1.1 200 OK"
2025-09-28 16:12:03,150 - INFO - Successfully processed word: stapler 订书机
2025-09-28 16:12:04,864 - INFO - HTTP Request: POST https://api.moonshot.cn/v1/chat/completions "HTTP/1.1 200 OK"
2025-09-28 16:12:04,865 - INFO - Successfully processed word: typist 打字员
2025-09-28 16:12:05,033 - INFO - HTTP Request: POST https://api.moonshot.cn/v1/chat/completions "HTTP/1.1 200 OK"
2025-09-28 16:12:05,034 - INFO - Successfully processed word: shopping 购物
2025-09-28 16:12:05,575 - INFO - Retrying request to /chat/completions in 0.392767 seconds
2025-09-28 16:12:05,868 - INFO - HTTP Request: POST https://api.moonshot.cn/v1/chat/completions "HTTP/1.1 200 OK"
2025-09-28 16:12:05,869 - INFO - Successfully processed word: affordable 负担的起的
2025-09-28 16:12:06,760 - INFO - HTTP Request: POST https://api.moonshot.cn/v1/chat/completions "HTTP/1.1 200 OK"
2025-09-28 16:12:06,761 - INFO - Successfully processed word: receptionist 接待员
2025-09-28 16:12:07,243 - INFO - HTTP Request: POST https://api.moonshot.cn/v1/chat/completions "HTTP/1.1 200 OK"
2025-09-28 16:12:07,245 - INFO - Successfully processed word: replacement 代替；替换
2025-09-28 16:12:07,399 - INFO - Retrying request to /chat/completions in 0.401477 seconds
2025-09-28 16:12:09,412 - INFO - HTTP Request: POST https://api.moonshot.cn/v1/chat/completions "HTTP/1.1 200 OK"
2025-09-28 16:12:09,414 - INFO - Successfully processed word: transport 运输；交通工具；运输系
2025-09-28 16:12:10,808 - INFO - HTTP Request: POST https://api.moonshot.cn/v1/chat/completions "HTTP/1.1 200 OK"
2025-09-28 16:12:10,810 - INFO - Successfully processed word: discount 折扣
2025-09-28 16:12:11,110 - INFO - HTTP Request: POST https://api.moonshot.cn/v1/chat/completions "HTTP/1.1 200 OK"
2025-09-28 16:12:11,111 - INFO - Successfully processed word: customer 顾客；客户
2025-09-28 16:12:12,239 - INFO - Retrying request to /chat/completions in 0.426092 seconds
2025-09-28 16:12:12,386 - INFO - HTTP Request: POST https://api.moonshot.cn/v1/chat/completions "HTTP/1.1 200 OK"
2025-09-28 16:12:12,387 - INFO - Successfully processed word: warranty 保证；保证书
2025-09-28 16:12:12,413 - INFO - HTTP Request: POST https://api.moonshot.cn/v1/chat/completions "HTTP/1.1 200 OK"
2025-09-28 16:12:12,414 - INFO - Successfully processed word: overtime 加班的时间
2025-09-28 16:12:13,363 - INFO - HTTP Request: POST https://api.moonshot.cn/v1/chat/completions "HTTP/1.1 200 OK"
2025-09-28 16:12:13,364 - INFO - HTTP Request: POST https://api.moonshot.cn/v1/chat/completions "HTTP/1.1 200 OK"
2025-09-28 16:12:13,373 - INFO - Successfully processed word: client 顾客；委托人
2025-09-28 16:12:13,375 - INFO - Successfully processed word: vender 小贩
2025-09-28 16:12:14,364 - INFO - Retrying request to /chat/completions in 0.439716 seconds
2025-09-28 16:12:15,653 - INFO - HTTP Request: POST https://api.moonshot.cn/v1/chat/completions "HTTP/1.1 200 OK"
2025-09-28 16:12:15,655 - INFO - Successfully processed word: transportation ( air
2025-09-28 16:12:15,800 - INFO - Retrying request to /chat/completions in 0.412290 seconds
2025-09-28 16:12:15,941 - INFO - Retrying request to /chat/completions in 0.421581 seconds
2025-09-28 16:12:16,779 - INFO - Retrying request to /chat/completions in 0.417904 seconds
2025-09-28 16:12:17,375 - INFO - Retrying request to /chat/completions in 0.456368 seconds
2025-09-28 16:12:17,806 - INFO - HTTP Request: POST https://api.moonshot.cn/v1/chat/completions "HTTP/1.1 200 OK"
2025-09-28 16:12:17,807 - INFO - Successfully processed word: expiration 终结；期满
2025-09-28 16:12:18,032 - INFO - Retrying request to /chat/completions in 0.498782 seconds
2025-09-28 16:12:18,057 - INFO - HTTP Request: POST https://api.moonshot.cn/v1/chat/completions "HTTP/1.1 200 OK"
2025-09-28 16:12:18,057 - INFO - Successfully processed word: operator 接线生
2025-09-28 16:12:18,535 - INFO - HTTP Request: POST https://api.moonshot.cn/v1/chat/completions "HTTP/1.1 200 OK"
2025-09-28 16:12:18,536 - INFO - Successfully processed word: life vest 救生衣
2025-09-28 16:12:18,908 - INFO - HTTP Request: POST https://api.moonshot.cn/v1/chat/completions "HTTP/1.1 200 OK"
2025-09-28 16:12:18,909 - INFO - Successfully processed word: cabin 小屋；客舱；机舱
2025-09-28 16:12:20,492 - INFO - HTTP Request: POST https://api.moonshot.cn/v1/chat/completions "HTTP/1.1 200 OK"
2025-09-28 16:12:20,493 - INFO - Successfully processed word: assignment 分配；工作，分派
2025-09-28 16:12:21,047 - INFO - HTTP Request: POST https://api.moonshot.cn/v1/chat/completions "HTTP/1.1 200 OK"
2025-09-28 16:12:21,048 - INFO - Successfully processed word: transit 运输；通过
2025-09-28 16:12:21,326 - INFO - Retrying request to /chat/completions in 0.833795 seconds
2025-09-28 16:12:21,327 - INFO - Retrying request to /chat/completions in 0.987046 seconds
2025-09-28 16:12:21,327 - INFO - Retrying request to /chat/completions in 0.822323 seconds
2025-09-28 16:12:21,327 - INFO - Retrying request to /chat/completions in 0.883835 seconds
2025-09-28 16:12:21,327 - INFO - Retrying request to /chat/completions in 0.986745 seconds
2025-09-28 16:12:21,328 - INFO - Retrying request to /chat/completions in 0.940249 seconds
2025-09-28 16:12:21,328 - INFO - Retrying request to /chat/completions in 0.986070 seconds
2025-09-28 16:12:21,342 - INFO - Retrying request to /chat/completions in 0.853756 seconds
2025-09-28 16:12:21,342 - INFO - Retrying request to /chat/completions in 0.904690 seconds
2025-09-28 16:12:21,374 - INFO - Retrying request to /chat/completions in 0.920801 seconds
2025-09-28 16:12:39,963 - INFO - HTTP Request: POST https://api.moonshot.cn/v1/chat/completions "HTTP/1.1 200 OK"
2025-09-28 16:12:39,964 - INFO - Successfully processed word: dinning out 在外就餐（）
2025-09-28 16:12:44,481 - INFO - HTTP Request: POST https://api.moonshot.cn/v1/chat/completions "HTTP/1.1 200 OK"
2025-09-28 16:12:44,482 - INFO - Successfully processed word: latest 最新的
2025-09-28 16:12:47,473 - INFO - HTTP Request: POST https://api.moonshot.cn/v1/chat/completions "HTTP/1.1 200 OK"
2025-09-28 16:12:47,475 - INFO - Successfully processed word: itemize 详细列举；分条列举
2025-09-28 16:12:48,524 - INFO - Retrying request to /chat/completions in 0.476662 seconds
2025-09-28 16:12:52,513 - INFO - HTTP Request: POST https://api.moonshot.cn/v1/chat/completions "HTTP/1.1 200 OK"
2025-09-28 16:12:52,514 - INFO - HTTP Request: POST https://api.moonshot.cn/v1/chat/completions "HTTP/1.1 200 OK"
2025-09-28 16:12:52,515 - INFO - Successfully processed word: shorthand 速记，速记法
2025-09-28 16:12:52,518 - INFO - Successfully processed word: alcohol 酒精
2025-09-28 16:12:53,942 - INFO - HTTP Request: POST https://api.moonshot.cn/v1/chat/completions "HTTP/1.1 200 OK"
2025-09-28 16:12:53,943 - INFO - Successfully processed word: appetite 胃口，食欲
2025-09-28 16:12:55,203 - INFO - HTTP Request: POST https://api.moonshot.cn/v1/chat/completions "HTTP/1.1 200 OK"
2025-09-28 16:12:55,204 - INFO - Successfully processed word: neon sign 霓虹灯招牌
2025-09-28 16:12:59,859 - INFO - HTTP Request: POST https://api.moonshot.cn/v1/chat/completions "HTTP/1.1 200 OK"
2025-09-28 16:12:59,860 - INFO - HTTP Request: POST https://api.moonshot.cn/v1/chat/completions "HTTP/1.1 200 OK"
2025-09-28 16:12:59,861 - INFO - Successfully processed word: pushcart 手推车
2025-09-28 16:12:59,864 - INFO - Successfully processed word: bazaar 市场；集市
2025-09-28 16:13:01,654 - INFO - HTTP Request: POST https://api.moonshot.cn/v1/chat/completions "HTTP/1.1 200 OK"
2025-09-28 16:13:01,655 - INFO - HTTP Request: POST https://api.moonshot.cn/v1/chat/completions "HTTP/1.1 200 OK"
2025-09-28 16:13:01,657 - INFO - Successfully processed word: bland 淡而无味的；温和的；无刺激性的
2025-09-28 16:13:01,660 - INFO - Successfully processed word: crave 渴望
2025-09-28 16:13:03,165 - INFO - HTTP Request: POST https://api.moonshot.cn/v1/chat/completions "HTTP/1.1 200 OK"
2025-09-28 16:13:03,166 - INFO - Successfully processed word: receipt 收据
2025-09-28 16:13:03,516 - INFO - HTTP Request: POST https://api.moonshot.cn/v1/chat/completions "HTTP/1.1 200 OK"
2025-09-28 16:13:03,518 - INFO - Successfully processed word: pickpocket 扒手
2025-09-28 16:13:05,037 - INFO - Retrying request to /chat/completions in 0.411453 seconds
2025-09-28 16:13:06,858 - INFO - HTTP Request: POST https://api.moonshot.cn/v1/chat/completions "HTTP/1.1 200 OK"
2025-09-28 16:13:06,860 - INFO - Successfully processed word: request 请求；要求
2025-09-28 16:13:08,069 - INFO - Retrying request to /chat/completions in 0.851954 seconds
2025-09-28 16:13:08,426 - INFO - HTTP Request: POST https://api.moonshot.cn/v1/chat/completions "HTTP/1.1 200 OK"
2025-09-28 16:13:08,427 - INFO - Successfully processed word: refund 退款；退还；赔偿
2025-09-28 16:13:08,721 - INFO - HTTP Request: POST https://api.moonshot.cn/v1/chat/completions "HTTP/1.1 200 OK"
2025-09-28 16:13:08,722 - INFO - Successfully processed word: vip=very important person 贵宾
2025-09-28 16:13:09,428 - INFO - Retrying request to /chat/completions in 0.452389 seconds
2025-09-28 16:13:09,496 - INFO - HTTP Request: POST https://api.moonshot.cn/v1/chat/completions "HTTP/1.1 200 OK"
2025-09-28 16:13:09,496 - INFO - Successfully processed word: fragrant 有香味的；芳香的
2025-09-28 16:13:10,273 - INFO - HTTP Request: POST https://api.moonshot.cn/v1/chat/completions "HTTP/1.1 200 OK"
2025-09-28 16:13:10,275 - INFO - Successfully processed word: delicacy 佳肴
2025-09-28 16:13:10,518 - INFO - HTTP Request: POST https://api.moonshot.cn/v1/chat/completions "HTTP/1.1 200 OK"
2025-09-28 16:13:10,519 - INFO - Successfully processed word: ingredient 成分；配料；配方
2025-09-28 16:13:10,722 - INFO - HTTP Request: POST https://api.moonshot.cn/v1/chat/completions "HTTP/1.1 200 OK"
2025-09-28 16:13:10,723 - INFO - Successfully processed word: trendy 时髦的；流行的
2025-09-28 16:13:10,815 - INFO - Retrying request to /chat/completions in 0.411124 seconds
2025-09-28 16:13:12,919 - INFO - Retrying request to /chat/completions in 0.750467 seconds
2025-09-28 16:13:13,377 - INFO - Retrying request to /chat/completions in 0.412191 seconds
2025-09-28 16:13:13,377 - INFO - Retrying request to /chat/completions in 0.452362 seconds
2025-09-28 16:13:14,452 - INFO - HTTP Request: POST https://api.moonshot.cn/v1/chat/completions "HTTP/1.1 200 OK"
2025-09-28 16:13:14,453 - INFO - Successfully processed word: retailer 零售商
2025-09-28 16:13:15,662 - INFO - Retrying request to /chat/completions in 0.407286 seconds
2025-09-28 16:13:15,694 - INFO - HTTP Request: POST https://api.moonshot.cn/v1/chat/completions "HTTP/1.1 200 OK"
2025-09-28 16:13:15,696 - INFO - Successfully processed word: thrift 节俭；节约
2025-09-28 16:13:15,710 - INFO - HTTP Request: POST https://api.moonshot.cn/v1/chat/completions "HTTP/1.1 200 OK"
2025-09-28 16:13:15,711 - INFO - Successfully processed word: crash landing 迫降
2025-09-28 16:13:17,181 - INFO - HTTP Request: POST https://api.moonshot.cn/v1/chat/completions "HTTP/1.1 200 OK"
2025-09-28 16:13:17,182 - INFO - HTTP Request: POST https://api.moonshot.cn/v1/chat/completions "HTTP/1.1 200 OK"
2025-09-28 16:13:17,183 - INFO - Successfully processed word: taxicab 计程车
2025-09-28 16:13:17,184 - INFO - Successfully processed word: liquor 烈酒（如威士忌）
2025-09-28 16:13:17,523 - INFO - HTTP Request: POST https://api.moonshot.cn/v1/chat/completions "HTTP/1.1 200 OK"
2025-09-28 16:13:17,524 - INFO - Successfully processed word: ferry 渡轮
2025-09-28 16:13:17,612 - INFO - Retrying request to /chat/completions in 0.817121 seconds
2025-09-28 16:13:18,770 - INFO - Retrying request to /chat/completions in 0.980535 seconds
2025-09-28 16:13:18,868 - INFO - HTTP Request: POST https://api.moonshot.cn/v1/chat/completions "HTTP/1.1 200 OK"
2025-09-28 16:13:18,869 - INFO - Successfully processed word: jaywalk 不遵守交通规则穿越马路；闯红灯
2025-09-28 16:13:21,058 - INFO - Retrying request to /chat/completions in 0.443342 seconds
2025-09-28 16:13:22,442 - WARNING - Attempt 1 failed for word 'pilot 飞行员': Request timed out.. Retrying...
2025-09-28 16:13:22,534 - WARNING - Attempt 1 failed for word 'office matters  办公室事宜': Request timed out.. Retrying...
2025-09-28 16:13:22,535 - WARNING - Attempt 1 failed for word 'extension 分机（电话）；延期': Request timed out.. Retrying...
2025-09-28 16:13:22,535 - WARNING - Attempt 1 failed for word 'acrophobia 恐高症': Request timed out.. Retrying...
2025-09-28 16:13:22,535 - WARNING - Attempt 1 failed for word 'restriction 限制；约束': Request timed out.. Retrying...
2025-09-28 16:13:22,535 - WARNING - Attempt 1 failed for word 'appointment 约会，约定': Request timed out.. Retrying...
2025-09-28 16:13:30,303 - INFO - HTTP Request: POST https://api.moonshot.cn/v1/chat/completions "HTTP/1.1 200 OK"
2025-09-28 16:13:30,304 - INFO - Successfully processed word: palatable 美味的；顺耳的；怡人的
2025-09-28 16:13:31,792 - INFO - Retrying request to /chat/completions in 0.833668 seconds
2025-09-28 16:13:33,448 - INFO - Retrying request to /chat/completions in 0.987892 seconds
2025-09-28 16:13:34,304 - INFO - HTTP Request: POST https://api.moonshot.cn/v1/chat/completions "HTTP/1.1 200 OK"
2025-09-28 16:13:34,306 - INFO - Successfully processed word: portion 部分；一份
2025-09-28 16:13:38,294 - INFO - HTTP Request: POST https://api.moonshot.cn/v1/chat/completions "HTTP/1.1 200 OK"
2025-09-28 16:13:38,296 - INFO - Successfully processed word: cash register 手银机
2025-09-28 16:13:39,057 - WARNING - Attempt 1 failed for word 'shopping mall 大型购物中心': Connection error.. Retrying...
2025-09-28 16:13:39,972 - INFO - Retrying request to /chat/completions in 0.438413 seconds
2025-09-28 16:13:40,939 - INFO - HTTP Request: POST https://api.moonshot.cn/v1/chat/completions "HTTP/1.1 200 OK"
2025-09-28 16:13:40,941 - INFO - Successfully processed word: bargain 便宜货；廉价品
2025-09-28 16:13:43,240 - INFO - HTTP Request: POST https://api.moonshot.cn/v1/chat/completions "HTTP/1.1 200 OK"
2025-09-28 16:13:43,241 - INFO - Successfully processed word: pass up 放过；错过
2025-09-28 16:13:45,046 - INFO - HTTP Request: POST https://api.moonshot.cn/v1/chat/completions "HTTP/1.1 200 OK"
2025-09-28 16:13:45,047 - INFO - Successfully processed word: silverware 银器；镀银餐具
2025-09-28 16:13:46,664 - INFO - HTTP Request: POST https://api.moonshot.cn/v1/chat/completions "HTTP/1.1 200 OK"
2025-09-28 16:13:46,665 - INFO - Successfully processed word: refreshment 茶点
2025-09-28 16:13:46,793 - INFO - HTTP Request: POST https://api.moonshot.cn/v1/chat/completions "HTTP/1.1 200 OK"
2025-09-28 16:13:46,795 - INFO - Successfully processed word: ravenous 饥饿的；贪婪的
2025-09-28 16:13:47,200 - INFO - HTTP Request: POST https://api.moonshot.cn/v1/chat/completions "HTTP/1.1 200 OK"
2025-09-28 16:13:47,201 - INFO - Successfully processed word: workmanship 技巧；手艺
2025-09-28 16:13:49,598 - INFO - HTTP Request: POST https://api.moonshot.cn/v1/chat/completions "HTTP/1.1 200 OK"
2025-09-28 16:13:49,599 - INFO - Successfully processed word: coupon 折价券；赠奖券
2025-09-28 16:13:55,941 - INFO - HTTP Request: POST https://api.moonshot.cn/v1/chat/completions "HTTP/1.1 200 OK"
2025-09-28 16:13:55,943 - INFO - Successfully processed word: starve 饿死；挨饿
2025-09-28 16:13:56,035 - INFO - HTTP Request: POST https://api.moonshot.cn/v1/chat/completions "HTTP/1.1 200 OK"
2025-09-28 16:13:56,036 - INFO - Successfully processed word: drugstore 兼卖杂货的药房
2025-09-28 16:13:57,181 - INFO - HTTP Request: POST https://api.moonshot.cn/v1/chat/completions "HTTP/1.1 200 OK"
2025-09-28 16:13:57,182 - INFO - Successfully processed word: quantity 量；数量
2025-09-28 16:14:01,663 - INFO - Retrying request to /chat/completions in 0.408207 seconds
2025-09-28 16:14:01,960 - INFO - HTTP Request: POST https://api.moonshot.cn/v1/chat/completions "HTTP/1.1 200 OK"
2025-09-28 16:14:01,962 - INFO - Successfully processed word: modify 修改；变更
2025-09-28 16:14:02,827 - INFO - HTTP Request: POST https://api.moonshot.cn/v1/chat/completions "HTTP/1.1 200 OK"
2025-09-28 16:14:02,828 - INFO - Successfully processed word: display 陈列；展示品
2025-09-28 16:14:03,537 - INFO - Retrying request to /chat/completions in 0.412189 seconds
2025-09-28 16:14:04,357 - INFO - HTTP Request: POST https://api.moonshot.cn/v1/chat/completions "HTTP/1.1 200 OK"
2025-09-28 16:14:04,357 - INFO - Successfully processed word: dinning out 在外就餐（）
2025-09-28 16:14:04,600 - INFO - HTTP Request: POST https://api.moonshot.cn/v1/chat/completions "HTTP/1.1 200 OK"
2025-09-28 16:14:04,601 - INFO - Successfully processed word: artificial 人造的；仿真的
2025-09-28 16:14:04,661 - INFO - HTTP Request: POST https://api.moonshot.cn/v1/chat/completions "HTTP/1.1 200 OK"
2025-09-28 16:14:04,662 - INFO - Successfully processed word: patron 顾客；赞助人
2025-09-28 16:14:06,132 - INFO - HTTP Request: POST https://api.moonshot.cn/v1/chat/completions "HTTP/1.1 200 OK"
2025-09-28 16:14:06,132 - INFO - Successfully processed word: flea market 跳蚤市场
2025-09-28 16:14:07,048 - INFO - HTTP Request: POST https://api.moonshot.cn/v1/chat/completions "HTTP/1.1 200 OK"
2025-09-28 16:14:07,050 - INFO - Successfully processed word: take off 起飞
2025-09-28 16:14:07,517 - INFO - HTTP Request: POST https://api.moonshot.cn/v1/chat/completions "HTTP/1.1 200 OK"
2025-09-28 16:14:07,518 - INFO - Successfully processed word: label 标签；标记
2025-09-28 16:14:07,957 - INFO - HTTP Request: POST https://api.moonshot.cn/v1/chat/completions "HTTP/1.1 200 OK"
2025-09-28 16:14:07,958 - INFO - Successfully processed word: aperitif 饭前酒
2025-09-28 16:14:10,141 - INFO - HTTP Request: POST https://api.moonshot.cn/v1/chat/completions "HTTP/1.1 200 OK"
2025-09-28 16:14:10,142 - INFO - Successfully processed word: wholesale 批发的；批发地
2025-09-28 16:14:11,054 - INFO - HTTP Request: POST https://api.moonshot.cn/v1/chat/completions "HTTP/1.1 200 OK"
2025-09-28 16:14:11,055 - INFO - Successfully processed word: beverage 饮料
2025-09-28 16:14:11,494 - INFO - HTTP Request: POST https://api.moonshot.cn/v1/chat/completions "HTTP/1.1 200 OK"
2025-09-28 16:14:11,495 - INFO - Successfully processed word: digest 消化
2025-09-28 16:14:14,464 - INFO - Retrying request to /chat/completions in 0.452388 seconds
2025-09-28 16:14:14,569 - INFO - HTTP Request: POST https://api.moonshot.cn/v1/chat/completions "HTTP/1.1 200 OK"
2025-09-28 16:14:14,570 - INFO - Successfully processed word: xerox 影印
2025-09-28 16:14:14,984 - INFO - HTTP Request: POST https://api.moonshot.cn/v1/chat/completions "HTTP/1.1 200 OK"
2025-09-28 16:14:14,985 - INFO - Successfully processed word: purchase 购买；购得之物
2025-09-28 16:14:15,709 - INFO - Retrying request to /chat/completions in 0.831920 seconds
2025-09-28 16:14:17,193 - INFO - Retrying request to /chat/completions in 0.437319 seconds
2025-09-28 16:14:17,252 - INFO - HTTP Request: POST https://api.moonshot.cn/v1/chat/completions "HTTP/1.1 200 OK"
2025-09-28 16:14:17,253 - INFO - Successfully processed word: solicit 请求；恳求；祈求
2025-09-28 16:14:18,878 - INFO - Retrying request to /chat/completions in 0.450323 seconds
2025-09-28 16:14:19,618 - INFO - HTTP Request: POST https://api.moonshot.cn/v1/chat/completions "HTTP/1.1 200 OK"
2025-09-28 16:14:19,619 - INFO - Successfully processed word: dinning out 在外就餐
2025-09-28 16:14:19,911 - INFO - HTTP Request: POST https://api.moonshot.cn/v1/chat/completions "HTTP/1.1 200 OK"
2025-09-28 16:14:19,912 - INFO - Successfully processed word: cuisine 烹调
2025-09-28 16:14:22,388 - INFO - HTTP Request: POST https://api.moonshot.cn/v1/chat/completions "HTTP/1.1 200 OK"
2025-09-28 16:14:22,389 - INFO - Successfully processed word: chef 主厨；大厨
2025-09-28 16:14:22,547 - WARNING - Attempt 1 failed for word 'distributor 供应商；经销商': Request timed out.. Retrying...
2025-09-28 16:14:22,555 - INFO - HTTP Request: POST https://api.moonshot.cn/v1/chat/completions "HTTP/1.1 200 OK"
2025-09-28 16:14:22,555 - INFO - Successfully processed word: munch 用力嚼；大声咀嚼
2025-09-28 16:14:23,238 - INFO - HTTP Request: POST https://api.moonshot.cn/v1/chat/completions "HTTP/1.1 200 OK"
2025-09-28 16:14:23,239 - INFO - Successfully processed word: pilot 飞行员
2025-09-28 16:14:24,228 - INFO - Retrying request to /chat/completions in 0.486189 seconds
2025-09-28 16:14:24,228 - INFO - Retrying request to /chat/completions in 0.387221 seconds
2025-09-28 16:14:24,244 - INFO - Retrying request to /chat/completions in 0.394164 seconds
2025-09-28 16:14:24,244 - INFO - Retrying request to /chat/completions in 0.486639 seconds
2025-09-28 16:14:31,042 - INFO - HTTP Request: POST https://api.moonshot.cn/v1/chat/completions "HTTP/1.1 200 OK"
2025-09-28 16:14:31,044 - INFO - Successfully processed word: reimburse 偿还；补偿
2025-09-28 16:14:31,707 - INFO - HTTP Request: POST https://api.moonshot.cn/v1/chat/completions "HTTP/1.1 200 OK"
2025-09-28 16:14:31,708 - INFO - Successfully processed word: collision 碰撞；抵触
2025-09-28 16:14:33,960 - INFO - HTTP Request: POST https://api.moonshot.cn/v1/chat/completions "HTTP/1.1 200 OK"
2025-09-28 16:14:33,962 - INFO - Successfully processed word: aperitif 饭前酒
2025-09-28 16:14:34,652 - INFO - HTTP Request: POST https://api.moonshot.cn/v1/chat/completions "HTTP/1.1 200 OK"
2025-09-28 16:14:34,653 - INFO - Successfully processed word: appetizer 开胃菜
2025-09-28 16:14:38,125 - INFO - HTTP Request: POST https://api.moonshot.cn/v1/chat/completions "HTTP/1.1 200 OK"
2025-09-28 16:14:38,126 - INFO - Successfully processed word: alleviate 减轻；缓和
2025-09-28 16:14:38,309 - INFO - Retrying request to /chat/completions in 0.400883 seconds
2025-09-28 16:14:40,474 - INFO - Retrying request to /chat/completions in 0.398051 seconds
2025-09-28 16:14:40,493 - INFO - HTTP Request: POST https://api.moonshot.cn/v1/chat/completions "HTTP/1.1 200 OK"
2025-09-28 16:14:40,494 - INFO - Successfully processed word: beverage 饮料
2025-09-28 16:14:41,635 - INFO - HTTP Request: POST https://api.moonshot.cn/v1/chat/completions "HTTP/1.1 200 OK"
2025-09-28 16:14:41,636 - INFO - Successfully processed word: bacteria 细菌
2025-09-28 16:14:43,466 - INFO - HTTP Request: POST https://api.moonshot.cn/v1/chat/completions "HTTP/1.1 200 OK"
2025-09-28 16:14:43,467 - INFO - Successfully processed word: dessert 餐后甜点
2025-09-28 16:14:48,376 - INFO - HTTP Request: POST https://api.moonshot.cn/v1/chat/completions "HTTP/1.1 200 OK"
2025-09-28 16:14:48,378 - INFO - Successfully processed word: menu 菜单
2025-09-28 16:14:49,615 - INFO - Retrying request to /chat/completions in 0.491021 seconds
2025-09-28 16:14:49,994 - INFO - HTTP Request: POST https://api.moonshot.cn/v1/chat/completions "HTTP/1.1 200 OK"
2025-09-28 16:14:49,994 - INFO - Successfully processed word: immune 免除的；豁免的；免疫的
2025-09-28 16:14:51,405 - INFO - HTTP Request: POST https://api.moonshot.cn/v1/chat/completions "HTTP/1.1 200 OK"
2025-09-28 16:14:51,406 - INFO - Successfully processed word: infection 感染
2025-09-28 16:14:51,774 - INFO - HTTP Request: POST https://api.moonshot.cn/v1/chat/completions "HTTP/1.1 200 OK"
2025-09-28 16:14:51,776 - INFO - Successfully processed word: cuisine 烹调
2025-09-28 16:14:51,812 - INFO - HTTP Request: POST https://api.moonshot.cn/v1/chat/completions "HTTP/1.1 200 OK"
2025-09-28 16:14:51,812 - INFO - Successfully processed word: chopsticks 筷子
2025-09-28 16:14:54,135 - INFO - HTTP Request: POST https://api.moonshot.cn/v1/chat/completions "HTTP/1.1 200 OK"
2025-09-28 16:14:54,136 - INFO - Successfully processed word: contagious 接触传染的
2025-09-28 16:14:55,646 - INFO - HTTP Request: POST https://api.moonshot.cn/v1/chat/completions "HTTP/1.1 200 OK"
2025-09-28 16:14:55,647 - INFO - Successfully processed word: investigator 调查员
2025-09-28 16:14:55,958 - INFO - Retrying request to /chat/completions in 0.416338 seconds
2025-09-28 16:14:58,014 - INFO - HTTP Request: POST https://api.moonshot.cn/v1/chat/completions "HTTP/1.1 200 OK"
2025-09-28 16:14:58,016 - INFO - Successfully processed word: leftovers 剩饭剩菜
2025-09-28 16:14:58,780 - INFO - HTTP Request: POST https://api.moonshot.cn/v1/chat/completions "HTTP/1.1 200 OK"
2025-09-28 16:14:58,781 - INFO - Successfully processed word: general hospital 综合医院
2025-09-28 16:14:58,873 - INFO - HTTP Request: POST https://api.moonshot.cn/v1/chat/completions "HTTP/1.1 200 OK"
2025-09-28 16:14:58,874 - INFO - Successfully processed word: emergency room 急诊室
2025-09-28 16:14:59,384 - INFO - HTTP Request: POST https://api.moonshot.cn/v1/chat/completions "HTTP/1.1 200 OK"
2025-09-28 16:14:59,385 - INFO - Successfully processed word: defective 有毛病的；有问题的，有瑕疵的
2025-09-28 16:15:00,128 - INFO - HTTP Request: POST https://api.moonshot.cn/v1/chat/completions "HTTP/1.1 200 OK"
2025-09-28 16:15:00,129 - INFO - Successfully processed word: outpatient 门诊病人
2025-09-28 16:15:00,656 - INFO - HTTP Request: POST https://api.moonshot.cn/v1/chat/completions "HTTP/1.1 200 OK"
2025-09-28 16:15:00,656 - INFO - Successfully processed word: parched 焦干的；极渴的
2025-09-28 16:15:01,214 - INFO - HTTP Request: POST https://api.moonshot.cn/v1/chat/completions "HTTP/1.1 200 OK"
2025-09-28 16:15:01,215 - INFO - Successfully processed word: appointment 约会，约定
2025-09-28 16:15:02,364 - INFO - HTTP Request: POST https://api.moonshot.cn/v1/chat/completions "HTTP/1.1 200 OK"
2025-09-28 16:15:02,365 - INFO - Successfully processed word: oeuvre 开胃小菜
2025-09-28 16:15:02,837 - INFO - Retrying request to /chat/completions in 0.478047 seconds
2025-09-28 16:15:03,377 - INFO - HTTP Request: POST https://api.moonshot.cn/v1/chat/completions "HTTP/1.1 200 OK"
2025-09-28 16:15:03,378 - INFO - Successfully processed word: specialty 专攻；专业；专长；特制品
2025-09-28 16:15:04,665 - INFO - Retrying request to /chat/completions in 0.495285 seconds
2025-09-28 16:15:06,144 - INFO - Retrying request to /chat/completions in 0.455403 seconds
2025-09-28 16:15:10,168 - INFO - HTTP Request: POST https://api.moonshot.cn/v1/chat/completions "HTTP/1.1 200 OK"
2025-09-28 16:15:10,169 - INFO - Successfully processed word: restriction 限制；约束
2025-09-28 16:15:11,072 - INFO - HTTP Request: POST https://api.moonshot.cn/v1/chat/completions "HTTP/1.1 200 OK"
2025-09-28 16:15:11,073 - INFO - Successfully processed word: mandatory 命令的；强制的；义务的
2025-09-28 16:15:11,354 - INFO - HTTP Request: POST https://api.moonshot.cn/v1/chat/completions "HTTP/1.1 200 OK"
2025-09-28 16:15:11,355 - INFO - Successfully processed word: sample 样品；样本
2025-09-28 16:15:11,883 - INFO - HTTP Request: POST https://api.moonshot.cn/v1/chat/completions "HTTP/1.1 200 OK"
2025-09-28 16:15:11,884 - INFO - Successfully processed word: chopsticks 筷子
2025-09-28 16:15:12,173 - INFO - HTTP Request: POST https://api.moonshot.cn/v1/chat/completions "HTTP/1.1 200 OK"
2025-09-28 16:15:12,174 - INFO - Successfully processed word: appetizer 开胃菜
2025-09-28 16:15:13,491 - INFO - HTTP Request: POST https://api.moonshot.cn/v1/chat/completions "HTTP/1.1 200 OK"
2025-09-28 16:15:13,492 - INFO - Successfully processed word: extension 分机（电话）；延期
2025-09-28 16:15:14,585 - INFO - Retrying request to /chat/completions in 0.433434 seconds
2025-09-28 16:15:14,745 - INFO - HTTP Request: POST https://api.moonshot.cn/v1/chat/completions "HTTP/1.1 200 OK"
2025-09-28 16:15:14,746 - INFO - Successfully processed word: pastry 用面团和油酥烤成的小甜点心
2025-09-28 16:15:16,704 - INFO - HTTP Request: POST https://api.moonshot.cn/v1/chat/completions "HTTP/1.1 200 OK"
2025-09-28 16:15:16,705 - INFO - Successfully processed word: option 选择权；选择之自由；
2025-09-28 16:15:17,928 - INFO - HTTP Request: POST https://api.moonshot.cn/v1/chat/completions "HTTP/1.1 200 OK"
2025-09-28 16:15:17,929 - INFO - Successfully processed word: buffet 自助餐
2025-09-28 16:15:22,400 - INFO - HTTP Request: POST https://api.moonshot.cn/v1/chat/completions "HTTP/1.1 200 OK"
2025-09-28 16:15:22,401 - INFO - Successfully processed word: terms 条文；条款；付款条件；价钱
2025-09-28 16:15:22,571 - INFO - Retrying request to /chat/completions in 0.419333 seconds
2025-09-28 16:15:24,925 - INFO - Retrying request to /chat/completions in 0.448185 seconds
2025-09-28 16:15:25,517 - INFO - Retrying request to /chat/completions in 0.752029 seconds
2025-09-28 16:15:25,518 - INFO - Retrying request to /chat/completions in 0.891949 seconds
2025-09-28 16:15:26,467 - INFO - HTTP Request: POST https://api.moonshot.cn/v1/chat/completions "HTTP/1.1 200 OK"
2025-09-28 16:15:26,468 - INFO - Successfully processed word: snack 小吃；点心 吃点心
2025-09-28 16:15:28,829 - INFO - HTTP Request: POST https://api.moonshot.cn/v1/chat/completions "HTTP/1.1 200 OK"
2025-09-28 16:15:28,830 - INFO - Successfully processed word: vital 非常必要的；及其重要的；攸关生死的
2025-09-28 16:15:28,871 - INFO - HTTP Request: POST https://api.moonshot.cn/v1/chat/completions "HTTP/1.1 200 OK"
2025-09-28 16:15:28,872 - INFO - Successfully processed word: claim 要求；声称
2025-09-28 16:15:29,437 - INFO - HTTP Request: POST https://api.moonshot.cn/v1/chat/completions "HTTP/1.1 200 OK"
2025-09-28 16:15:29,437 - INFO - Successfully processed word: buffet 自助餐
2025-09-28 16:15:30,148 - INFO - HTTP Request: POST https://api.moonshot.cn/v1/chat/completions "HTTP/1.1 200 OK"
2025-09-28 16:15:30,149 - INFO - Successfully processed word: seasoning 调味品；佐料
2025-09-28 16:15:31,057 - INFO - Retrying request to /chat/completions in 0.409078 seconds
2025-09-28 16:15:31,710 - INFO - Retrying request to /chat/completions in 0.379246 seconds
2025-09-28 16:15:32,315 - INFO - HTTP Request: POST https://api.moonshot.cn/v1/chat/completions "HTTP/1.1 200 OK"
2025-09-28 16:15:32,316 - INFO - Successfully processed word: severe 严苛的；严格的；严重的
2025-09-28 16:15:35,000 - INFO - HTTP Request: POST https://api.moonshot.cn/v1/chat/completions "HTTP/1.1 200 OK"
2025-09-28 16:15:35,001 - INFO - Successfully processed word: commission 佣金
2025-09-28 16:15:37,256 - INFO - HTTP Request: POST https://api.moonshot.cn/v1/chat/completions "HTTP/1.1 200 OK"
2025-09-28 16:15:37,257 - INFO - Successfully processed word: spice 香料；调味品
2025-09-28 16:15:38,980 - INFO - Retrying request to /chat/completions in 0.934690 seconds
2025-09-28 16:15:40,502 - INFO - Retrying request to /chat/completions in 0.439492 seconds
2025-09-28 16:15:41,184 - INFO - Retrying request to /chat/completions in 0.902267 seconds
2025-09-28 16:15:41,801 - INFO - HTTP Request: POST https://api.moonshot.cn/v1/chat/completions "HTTP/1.1 200 OK"
2025-09-28 16:15:41,802 - INFO - Successfully processed word: vegetarian 素食者
2025-09-28 16:15:42,425 - INFO - HTTP Request: POST https://api.moonshot.cn/v1/chat/completions "HTTP/1.1 200 OK"
2025-09-28 16:15:42,426 - INFO - Successfully processed word: coverage 报道范围；保险范围
2025-09-28 16:15:44,461 - INFO - HTTP Request: POST https://api.moonshot.cn/v1/chat/completions "HTTP/1.1 200 OK"
2025-09-28 16:15:44,462 - INFO - Successfully processed word: antibiotic 抗生素
2025-09-28 16:15:44,726 - INFO - HTTP Request: POST https://api.moonshot.cn/v1/chat/completions "HTTP/1.1 200 OK"
2025-09-28 16:15:44,727 - INFO - Successfully processed word: comprehensive 全面的；广泛的
2025-09-28 16:15:50,531 - INFO - HTTP Request: POST https://api.moonshot.cn/v1/chat/completions "HTTP/1.1 200 OK"
2025-09-28 16:15:50,532 - INFO - Successfully processed word: fraud 诈骗；骗局；骗子
2025-09-28 16:15:53,288 - INFO - HTTP Request: POST https://api.moonshot.cn/v1/chat/completions "HTTP/1.1 200 OK"
2025-09-28 16:15:53,289 - INFO - Successfully processed word: anniversary 周年纪念日
2025-09-28 16:15:55,036 - INFO - HTTP Request: POST https://api.moonshot.cn/v1/chat/completions "HTTP/1.1 200 OK"
2025-09-28 16:15:55,037 - INFO - Successfully processed word: compensation 补偿；赔偿；报偿
2025-09-28 16:15:58,029 - INFO - Retrying request to /chat/completions in 0.453823 seconds
2025-09-28 16:15:58,790 - INFO - Retrying request to /chat/completions in 0.392679 seconds
2025-09-28 16:15:58,885 - INFO - Retrying request to /chat/completions in 0.428220 seconds
2025-09-28 16:15:59,289 - INFO - HTTP Request: POST https://api.moonshot.cn/v1/chat/completions "HTTP/1.1 200 OK"
2025-09-28 16:15:59,291 - INFO - Successfully processed word: acquaintance 相识但是不是很熟的人
2025-09-28 16:16:00,806 - INFO - HTTP Request: POST https://api.moonshot.cn/v1/chat/completions "HTTP/1.1 200 OK"
2025-09-28 16:16:00,807 - INFO - Successfully processed word: crash 相撞；碰撞；突然发出巨响
2025-09-28 16:16:01,231 - INFO - Retrying request to /chat/completions in 0.434061 seconds
2025-09-28 16:16:01,735 - INFO - HTTP Request: POST https://api.moonshot.cn/v1/chat/completions "HTTP/1.1 200 OK"
2025-09-28 16:16:01,736 - INFO - Successfully processed word: banquet 酒席；正式的宴会
2025-09-28 16:16:02,337 - INFO - HTTP Request: POST https://api.moonshot.cn/v1/chat/completions "HTTP/1.1 200 OK"
2025-09-28 16:16:02,338 - INFO - Successfully processed word: indemnity 损害保障；损害赔偿
2025-09-28 16:16:02,371 - INFO - Retrying request to /chat/completions in 0.400176 seconds
2025-09-28 16:16:05,476 - INFO - HTTP Request: POST https://api.moonshot.cn/v1/chat/completions "HTTP/1.1 200 OK"
2025-09-28 16:16:05,477 - INFO - Successfully processed word: liable 有义务的；易于……的；倾向于……的
2025-09-28 16:16:06,336 - INFO - Retrying request to /chat/completions in 0.787131 seconds
2025-09-28 16:16:06,929 - INFO - HTTP Request: POST https://api.moonshot.cn/v1/chat/completions "HTTP/1.1 200 OK"
2025-09-28 16:16:06,930 - INFO - Successfully processed word: distinguished 卓越的；杰出的；著名的
2025-09-28 16:16:08,175 - INFO - Retrying request to /chat/completions in 0.818836 seconds
2025-09-28 16:16:08,936 - INFO - HTTP Request: POST https://api.moonshot.cn/v1/chat/completions "HTTP/1.1 200 OK"
2025-09-28 16:16:08,937 - INFO - Successfully processed word: intensive care unit 加护病房
2025-09-28 16:16:08,967 - INFO - HTTP Request: POST https://api.moonshot.cn/v1/chat/completions "HTTP/1.1 200 OK"
2025-09-28 16:16:08,967 - INFO - Successfully processed word: organ donor 器官捐赠者
2025-09-28 16:16:09,055 - INFO - HTTP Request: POST https://api.moonshot.cn/v1/chat/completions "HTTP/1.1 200 OK"
2025-09-28 16:16:09,056 - INFO - Successfully processed word: farewell 一路平安；再见；告别
2025-09-28 16:16:09,212 - INFO - HTTP Request: POST https://api.moonshot.cn/v1/chat/completions "HTTP/1.1 200 OK"
2025-09-28 16:16:09,213 - INFO - Successfully processed word: get-together （非正式的社交）聚会
2025-09-28 16:16:10,247 - INFO - HTTP Request: POST https://api.moonshot.cn/v1/chat/completions "HTTP/1.1 200 OK"
2025-09-28 16:16:10,247 - INFO - Successfully processed word: nutrition 营养之供给或摄取；营养
2025-09-28 16:16:11,082 - INFO - HTTP Request: POST https://api.moonshot.cn/v1/chat/completions "HTTP/1.1 200 OK"
2025-09-28 16:16:11,083 - INFO - Successfully processed word: courtesy 礼貌；礼仪；好意；殷勤
2025-09-28 16:16:11,310 - INFO - HTTP Request: POST https://api.moonshot.cn/v1/chat/completions "HTTP/1.1 200 OK"
2025-09-28 16:16:11,311 - INFO - Successfully processed word: commitment 承诺；许诺
2025-09-28 16:16:14,864 - INFO - HTTP Request: POST https://api.moonshot.cn/v1/chat/completions "HTTP/1.1 200 OK"
2025-09-28 16:16:14,864 - INFO - Successfully processed word: preservative 防腐剂
2025-09-28 16:16:17,114 - INFO - HTTP Request: POST https://api.moonshot.cn/v1/chat/completions "HTTP/1.1 200 OK"
2025-09-28 16:16:17,115 - INFO - Successfully processed word: napkin 餐巾
2025-09-28 16:16:17,723 - INFO - HTTP Request: POST https://api.moonshot.cn/v1/chat/completions "HTTP/1.1 200 OK"
2025-09-28 16:16:17,725 - INFO - Successfully processed word: premium 奖品；额外费用；保费
2025-09-28 16:16:17,944 - INFO - Retrying request to /chat/completions in 0.392411 seconds
2025-09-28 16:16:17,995 - INFO - HTTP Request: POST https://api.moonshot.cn/v1/chat/completions "HTTP/1.1 200 OK"
2025-09-28 16:16:17,997 - INFO - Successfully processed word: pharmaceutical 制药的；药品的
2025-09-28 16:16:18,909 - INFO - HTTP Request: POST https://api.moonshot.cn/v1/chat/completions "HTTP/1.1 200 OK"
2025-09-28 16:16:18,909 - INFO - Successfully processed word: etiquette 礼节；规范
2025-09-28 16:16:21,525 - INFO - HTTP Request: POST https://api.moonshot.cn/v1/chat/completions "HTTP/1.1 200 OK"
2025-09-28 16:16:21,526 - INFO - Successfully processed word: purification 洗净；净化
2025-09-28 16:16:23,589 - INFO - HTTP Request: POST https://api.moonshot.cn/v1/chat/completions "HTTP/1.1 200 OK"
2025-09-28 16:16:23,589 - INFO - Successfully processed word: recipe 食谱；烹饪法；秘诀
2025-09-28 16:16:25,628 - INFO - Retrying request to /chat/completions in 0.861520 seconds
2025-09-28 16:16:26,534 - WARNING - Attempt 2 failed for word 'office matters  办公室事宜': Request timed out.. Retrying...
2025-09-28 16:16:26,674 - WARNING - Attempt 2 failed for word 'acrophobia 恐高症': Request timed out.. Retrying...
2025-09-28 16:16:29,116 - INFO - HTTP Request: POST https://api.moonshot.cn/v1/chat/completions "HTTP/1.1 200 OK"
2025-09-28 16:16:29,118 - INFO - Successfully processed word: waive 放弃；弃权
2025-09-28 16:16:29,439 - INFO - Retrying request to /chat/completions in 0.482701 seconds
2025-09-28 16:16:32,325 - INFO - Retrying request to /chat/completions in 0.454203 seconds
2025-09-28 16:16:34,777 - INFO - HTTP Request: POST https://api.moonshot.cn/v1/chat/completions "HTTP/1.1 200 OK"
2025-09-28 16:16:34,779 - INFO - Successfully processed word: greeting 致敬；问候；（复数）致意；赞词
2025-09-28 16:16:35,228 - INFO - HTTP Request: POST https://api.moonshot.cn/v1/chat/completions "HTTP/1.1 200 OK"
2025-09-28 16:16:35,228 - INFO - Successfully processed word: stroke 脑血管破裂或阻塞；中风
2025-09-28 16:16:35,329 - INFO - HTTP Request: POST https://api.moonshot.cn/v1/chat/completions "HTTP/1.1 200 OK"
2025-09-28 16:16:35,330 - INFO - Successfully processed word: nosy 好管闲事的；爱打听的
2025-09-28 16:16:37,254 - INFO - HTTP Request: POST https://api.moonshot.cn/v1/chat/completions "HTTP/1.1 200 OK"
2025-09-28 16:16:37,265 - INFO - Successfully processed word: trauma 外伤；心灵的伤
2025-09-28 16:16:38,315 - INFO - HTTP Request: POST https://api.moonshot.cn/v1/chat/completions "HTTP/1.1 200 OK"
2025-09-28 16:16:38,316 - INFO - Successfully processed word: hug 拥抱；紧抱
2025-09-28 16:16:38,856 - INFO - HTTP Request: POST https://api.moonshot.cn/v1/chat/completions "HTTP/1.1 200 OK"
2025-09-28 16:16:38,857 - INFO - Successfully processed word: lavish 过分大方的；浪费的；丰富的 住房
2025-09-28 16:16:39,959 - INFO - HTTP Request: POST https://api.moonshot.cn/v1/chat/completions "HTTP/1.1 200 OK"
2025-09-28 16:16:39,960 - INFO - Successfully processed word: shopping mall 大型购物中心
2025-09-28 16:16:40,613 - WARNING - Attempt 1 failed for word 'medicine & insurance 医疗及保险': Request timed out.. Retrying...
2025-09-28 16:16:48,436 - INFO - HTTP Request: POST https://api.moonshot.cn/v1/chat/completions "HTTP/1.1 200 OK"
2025-09-28 16:16:48,438 - INFO - Successfully processed word: electronics 电子学
2025-09-28 16:16:50,194 - INFO - HTTP Request: POST https://api.moonshot.cn/v1/chat/completions "HTTP/1.1 200 OK"
2025-09-28 16:16:50,194 - INFO - Successfully processed word: landlord 地主；房东
2025-09-28 16:16:50,534 - INFO - Retrying request to /chat/completions in 0.407048 seconds
2025-09-28 16:16:51,790 - INFO - HTTP Request: POST https://api.moonshot.cn/v1/chat/completions "HTTP/1.1 200 OK"
2025-09-28 16:16:51,791 - INFO - Successfully processed word: aggressive 挑衅的；有侵略性的；有进取
2025-09-28 16:16:53,300 - INFO - Retrying request to /chat/completions in 0.482134 seconds
2025-09-28 16:16:54,196 - INFO - HTTP Request: POST https://api.moonshot.cn/v1/chat/completions "HTTP/1.1 200 OK"
2025-09-28 16:16:54,197 - INFO - Successfully processed word: acceptance 接受；赞同
2025-09-28 16:16:55,048 - INFO - Retrying request to /chat/completions in 0.449636 seconds
2025-09-28 16:16:56,558 - INFO - HTTP Request: POST https://api.moonshot.cn/v1/chat/completions "HTTP/1.1 200 OK"
2025-09-28 16:16:56,559 - INFO - Successfully processed word: protocol 外交礼仪；草约
2025-09-28 16:16:57,519 - INFO - HTTP Request: POST https://api.moonshot.cn/v1/chat/completions "HTTP/1.1 200 OK"
2025-09-28 16:16:57,520 - INFO - Successfully processed word: community 社区
2025-09-28 16:16:57,922 - INFO - HTTP Request: POST https://api.moonshot.cn/v1/chat/completions "HTTP/1.1 200 OK"
2025-09-28 16:16:57,922 - INFO - Successfully processed word: diagnose 诊断；判断
2025-09-28 16:17:00,288 - INFO - Retrying request to /chat/completions in 0.867458 seconds
2025-09-28 16:17:01,738 - INFO - Retrying request to /chat/completions in 0.428757 seconds
2025-09-28 16:17:02,695 - INFO - HTTP Request: POST https://api.moonshot.cn/v1/chat/completions "HTTP/1.1 200 OK"
2025-09-28 16:17:02,696 - INFO - Successfully processed word: associate ()同事；伙伴 ()联想；交往
2025-09-28 16:17:02,765 - INFO - Retrying request to /chat/completions in 0.925463 seconds
2025-09-28 16:17:02,844 - INFO - HTTP Request: POST https://api.moonshot.cn/v1/chat/completions "HTTP/1.1 200 OK"
2025-09-28 16:17:02,845 - INFO - Successfully processed word: laundry 洗衣店；要洗或已洗好的衣物
2025-09-28 16:17:02,866 - INFO - HTTP Request: POST https://api.moonshot.cn/v1/chat/completions "HTTP/1.1 200 OK"
2025-09-28 16:17:02,866 - INFO - Successfully processed word: furniture 家具
2025-09-28 16:17:03,280 - INFO - HTTP Request: POST https://api.moonshot.cn/v1/chat/completions "HTTP/1.1 200 OK"
2025-09-28 16:17:03,281 - INFO - Successfully processed word: entree 主菜
2025-09-28 16:17:05,075 - INFO - HTTP Request: POST https://api.moonshot.cn/v1/chat/completions "HTTP/1.1 200 OK"
2025-09-28 16:17:05,076 - INFO - Successfully processed word: salute 向……打招呼；向……行军礼；
2025-09-28 16:17:06,931 - INFO - Retrying request to /chat/completions in 0.418227 seconds
2025-09-28 16:17:07,432 - INFO - HTTP Request: POST https://api.moonshot.cn/v1/chat/completions "HTTP/1.1 200 OK"
2025-09-28 16:17:07,432 - INFO - Successfully processed word: apologize 道歉
2025-09-28 16:17:07,853 - INFO - HTTP Request: POST https://api.moonshot.cn/v1/chat/completions "HTTP/1.1 200 OK"
2025-09-28 16:17:07,854 - INFO - Successfully processed word: lease 租约；出租；租用
2025-09-28 16:17:08,134 - INFO - HTTP Request: POST https://api.moonshot.cn/v1/chat/completions "HTTP/1.1 200 OK"
2025-09-28 16:17:08,135 - INFO - Successfully processed word: expiration date 有效期限
2025-09-28 16:17:08,983 - INFO - Retrying request to /chat/completions in 0.472767 seconds
2025-09-28 16:17:09,061 - INFO - Retrying request to /chat/completions in 0.470441 seconds
2025-09-28 16:17:09,691 - INFO - HTTP Request: POST https://api.moonshot.cn/v1/chat/completions "HTTP/1.1 200 OK"
2025-09-28 16:17:09,692 - INFO - Successfully processed word: attractive 引人入胜；有吸引力的；迷人
2025-09-28 16:17:11,239 - INFO - HTTP Request: POST https://api.moonshot.cn/v1/chat/completions "HTTP/1.1 200 OK"
2025-09-28 16:17:11,241 - INFO - Successfully processed word: barrier 障碍；障碍物；隔阂
2025-09-28 16:17:13,744 - INFO - HTTP Request: POST https://api.moonshot.cn/v1/chat/completions "HTTP/1.1 200 OK"
2025-09-28 16:17:13,745 - INFO - Successfully processed word: mortgage 抵押货（借）款
2025-09-28 16:17:17,735 - INFO - Retrying request to /chat/completions in 0.473270 seconds
2025-09-28 16:17:18,673 - INFO - HTTP Request: POST https://api.moonshot.cn/v1/chat/completions "HTTP/1.1 200 OK"
2025-09-28 16:17:18,674 - INFO - Successfully processed word: ornament 装饰品
2025-09-28 16:17:19,867 - INFO - Retrying request to /chat/completions in 0.764935 seconds
2025-09-28 16:17:21,534 - INFO - Retrying request to /chat/completions in 0.413593 seconds
2025-09-28 16:17:24,395 - INFO - HTTP Request: POST https://api.moonshot.cn/v1/chat/completions "HTTP/1.1 200 OK"
2025-09-28 16:17:24,397 - INFO - Successfully processed word: side effect （药物之）副作用
2025-09-28 16:17:25,324 - INFO - HTTP Request: POST https://api.moonshot.cn/v1/chat/completions "HTTP/1.1 200 OK"
2025-09-28 16:17:25,325 - INFO - Successfully processed word: acrophobia 恐高症
2025-09-28 16:17:26,926 - WARNING - Attempt 2 failed for word 'distributor 供应商；经销商': Request timed out.. Retrying...
2025-09-28 16:17:28,294 - INFO - Retrying request to /chat/completions in 0.420530 seconds
2025-09-28 16:17:29,035 - INFO - HTTP Request: POST https://api.moonshot.cn/v1/chat/completions "HTTP/1.1 200 OK"
2025-09-28 16:17:29,035 - INFO - Successfully processed word: surgery （外科）手术
2025-09-28 16:17:29,123 - INFO - Retrying request to /chat/completions in 0.450624 seconds
2025-09-28 16:17:29,209 - INFO - HTTP Request: POST https://api.moonshot.cn/v1/chat/completions "HTTP/1.1 200 OK"
2025-09-28 16:17:29,210 - INFO - Successfully processed word: eloquent 口才好的；雄辩的
2025-09-28 16:17:34,023 - INFO - HTTP Request: POST https://api.moonshot.cn/v1/chat/completions "HTTP/1.1 200 OK"
2025-09-28 16:17:34,024 - INFO - Successfully processed word: possession 所有；个人财产
2025-09-28 16:17:34,786 - INFO - Retrying request to /chat/completions in 0.378225 seconds
2025-09-28 16:17:34,995 - INFO - HTTP Request: POST https://api.moonshot.cn/v1/chat/completions "HTTP/1.1 200 OK"
2025-09-28 16:17:35,002 - INFO - Successfully processed word: extend 延伸 延续；扩大；延长；给予；提供
2025-09-28 16:17:36,268 - INFO - HTTP Request: POST https://api.moonshot.cn/v1/chat/completions "HTTP/1.1 200 OK"
2025-09-28 16:17:36,269 - INFO - Successfully processed word: real estate 不动产
2025-09-28 16:17:37,273 - INFO - Retrying request to /chat/completions in 0.398471 seconds
2025-09-28 16:17:38,437 - INFO - HTTP Request: POST https://api.moonshot.cn/v1/chat/completions "HTTP/1.1 200 OK"
2025-09-28 16:17:38,437 - INFO - Successfully processed word: renovate 更新；修复；恢复
2025-09-28 16:17:38,808 - INFO - HTTP Request: POST https://api.moonshot.cn/v1/chat/completions "HTTP/1.1 200 OK"
2025-09-28 16:17:38,809 - INFO - Successfully processed word: rural 乡下；田园
2025-09-28 16:17:39,600 - INFO - HTTP Request: POST https://api.moonshot.cn/v1/chat/completions "HTTP/1.1 200 OK"
2025-09-28 16:17:39,601 - INFO - Successfully processed word: favorable 令人满意的；博得赞许的；有帮助的?
2025-09-28 16:17:41,943 - INFO - Retrying request to /chat/completions in 0.464400 seconds
2025-09-28 16:17:43,916 - INFO - HTTP Request: POST https://api.moonshot.cn/v1/chat/completions "HTTP/1.1 200 OK"
2025-09-28 16:17:43,917 - INFO - Successfully processed word: hilarious 狂欢的；令人捧腹的
2025-09-28 16:17:45,208 - INFO - HTTP Request: POST https://api.moonshot.cn/v1/chat/completions "HTTP/1.1 200 OK"
2025-09-28 16:17:45,208 - INFO - Successfully processed word: appliance 设备；器具；工具；家用电器
2025-09-28 16:17:47,683 - INFO - HTTP Request: POST https://api.moonshot.cn/v1/chat/completions "HTTP/1.1 200 OK"
2025-09-28 16:17:47,685 - INFO - Successfully processed word: urban 都市的；都市式的
2025-09-28 16:17:49,516 - INFO - HTTP Request: POST https://api.moonshot.cn/v1/chat/completions "HTTP/1.1 200 OK"
2025-09-28 16:17:49,517 - INFO - Successfully processed word: suburb （常用复数）郊区；近郊
2025-09-28 16:17:50,867 - INFO - HTTP Request: POST https://api.moonshot.cn/v1/chat/completions "HTTP/1.1 200 OK"
2025-09-28 16:17:50,868 - INFO - Successfully processed word: prompt 准时的；按时的；迅速的；立刻行动的
2025-09-28 16:17:51,802 - INFO - Retrying request to /chat/completions in 0.411132 seconds
2025-09-28 16:17:52,760 - INFO - HTTP Request: POST https://api.moonshot.cn/v1/chat/completions "HTTP/1.1 200 OK"
2025-09-28 16:17:52,763 - INFO - Successfully processed word: offensive 令人不快的；讨厌的；冒犯的
2025-09-28 16:17:54,036 - INFO - HTTP Request: POST https://api.moonshot.cn/v1/chat/completions "HTTP/1.1 200 OK"
2025-09-28 16:17:54,037 - INFO - Successfully processed word: burglar 窃贼；夜间入屋行窃的小偷
2025-09-28 16:17:55,524 - INFO - HTTP Request: POST https://api.moonshot.cn/v1/chat/completions "HTTP/1.1 200 OK"
2025-09-28 16:17:55,525 - INFO - Successfully processed word: modest 谦逊的；适度的；朴实的；端庄的 住房
2025-09-28 16:17:57,900 - INFO - HTTP Request: POST https://api.moonshot.cn/v1/chat/completions "HTTP/1.1 200 OK"
2025-09-28 16:17:57,901 - INFO - Successfully processed word: nuisance 讨厌之人、事、物
2025-09-28 16:17:57,931 - INFO - Retrying request to /chat/completions in 0.470146 seconds
2025-09-28 16:17:59,312 - INFO - HTTP Request: POST https://api.moonshot.cn/v1/chat/completions "HTTP/1.1 200 OK"
2025-09-28 16:17:59,313 - INFO - Successfully processed word: excruciating 极痛苦的；极度的
2025-09-28 16:18:00,940 - INFO - HTTP Request: POST https://api.moonshot.cn/v1/chat/completions "HTTP/1.1 200 OK"
2025-09-28 16:18:00,941 - INFO - Successfully processed word: acknowledge 承认；承认……之存在、权力；
2025-09-28 16:18:01,249 - INFO - HTTP Request: POST https://api.moonshot.cn/v1/chat/completions "HTTP/1.1 200 OK"
2025-09-28 16:18:01,249 - INFO - Successfully processed word: regards 问候；致意
2025-09-28 16:18:01,396 - INFO - HTTP Request: POST https://api.moonshot.cn/v1/chat/completions "HTTP/1.1 200 OK"
2025-09-28 16:18:01,396 - INFO - HTTP Request: POST https://api.moonshot.cn/v1/chat/completions "HTTP/1.1 200 OK"
2025-09-28 16:18:01,397 - INFO - Successfully processed word: fire alarm 火灾警报器
2025-09-28 16:18:01,399 - INFO - Successfully processed word: chore 家务难事；困难繁琐无趣的工作
2025-09-28 16:18:02,280 - INFO - HTTP Request: POST https://api.moonshot.cn/v1/chat/completions "HTTP/1.1 200 OK"
2025-09-28 16:18:02,281 - INFO - Successfully processed word: scandal 丑闻；引人愤慨之事
2025-09-28 16:18:02,881 - INFO - Retrying request to /chat/completions in 0.456556 seconds
2025-09-28 16:18:04,518 - INFO - HTTP Request: POST https://api.moonshot.cn/v1/chat/completions "HTTP/1.1 200 OK"
2025-09-28 16:18:04,518 - INFO - Successfully processed word: mattress 床垫
2025-09-28 16:18:04,678 - WARNING - Attempt 1 failed for word 'handicap 残障；不利条件；障碍': Request timed out.. Retrying...
2025-09-28 16:18:07,449 - INFO - Retrying request to /chat/completions in 0.396967 seconds
2025-09-28 16:18:07,869 - INFO - Retrying request to /chat/completions in 0.435253 seconds
2025-09-28 16:18:08,151 - INFO - Retrying request to /chat/completions in 0.438697 seconds
2025-09-28 16:18:08,941 - INFO - Retrying request to /chat/completions in 0.913459 seconds
2025-09-28 16:18:10,626 - INFO - HTTP Request: POST https://api.moonshot.cn/v1/chat/completions "HTTP/1.1 200 OK"
2025-09-28 16:18:10,628 - INFO - Successfully processed word: garbage disposal 垃圾处理机
2025-09-28 16:18:12,158 - INFO - HTTP Request: POST https://api.moonshot.cn/v1/chat/completions "HTTP/1.1 200 OK"
2025-09-28 16:18:12,159 - INFO - Successfully processed word: furnishings 家具；室内陈设
2025-09-28 16:18:12,216 - INFO - Retrying request to /chat/completions in 0.932790 seconds
2025-09-28 16:18:14,323 - INFO - HTTP Request: POST https://api.moonshot.cn/v1/chat/completions "HTTP/1.1 200 OK"
2025-09-28 16:18:14,324 - INFO - Successfully processed word: garage 车库；修车厂
2025-09-28 16:18:15,865 - INFO - HTTP Request: POST https://api.moonshot.cn/v1/chat/completions "HTTP/1.1 200 OK"
2025-09-28 16:18:15,866 - INFO - Successfully processed word: embrace 拥抱；围绕；包括
2025-09-28 16:18:19,787 - INFO - HTTP Request: POST https://api.moonshot.cn/v1/chat/completions "HTTP/1.1 200 OK"
2025-09-28 16:18:19,787 - INFO - Successfully processed word: compliment 赞扬；恭维
2025-09-28 16:18:20,973 - INFO - HTTP Request: POST https://api.moonshot.cn/v1/chat/completions "HTTP/1.1 200 OK"
2025-09-28 16:18:20,974 - INFO - Successfully processed word: kitchenware 厨房用具
2025-09-28 16:18:24,134 - INFO - HTTP Request: POST https://api.moonshot.cn/v1/chat/completions "HTTP/1.1 200 OK"
2025-09-28 16:18:24,135 - INFO - Successfully processed word: lawn 草坪；草地
2025-09-28 16:18:25,331 - INFO - Retrying request to /chat/completions in 0.379631 seconds
2025-09-28 16:18:26,095 - INFO - HTTP Request: POST https://api.moonshot.cn/v1/chat/completions "HTTP/1.1 200 OK"
2025-09-28 16:18:26,096 - INFO - Successfully processed word: 住宅区；临近地区
2025-09-28 16:18:26,290 - INFO - HTTP Request: POST https://api.moonshot.cn/v1/chat/completions "HTTP/1.1 200 OK"
2025-09-28 16:18:26,291 - INFO - Successfully processed word: messy 杂乱的；肮脏的
2025-09-28 16:18:26,293 - INFO - HTTP Request: POST https://api.moonshot.cn/v1/chat/completions "HTTP/1.1 200 OK"
2025-09-28 16:18:26,294 - INFO - Successfully processed word: neighborhood 街坊；
2025-09-28 16:18:26,424 - INFO - HTTP Request: POST https://api.moonshot.cn/v1/chat/completions "HTTP/1.1 200 OK"
2025-09-28 16:18:26,425 - INFO - Successfully processed word: loan shark 放高利贷者
2025-09-28 16:18:28,514 - INFO - Retrying request to /chat/completions in 0.457784 seconds
2025-09-28 16:18:29,844 - INFO - HTTP Request: POST https://api.moonshot.cn/v1/chat/completions "HTTP/1.1 200 OK"
2025-09-28 16:18:29,846 - INFO - Successfully processed word: playground 运动场；游戏场；游乐场
2025-09-28 16:18:30,187 - INFO - Retrying request to /chat/completions in 0.967278 seconds
2025-09-28 16:18:30,623 - INFO - Retrying request to /chat/completions in 0.957071 seconds
2025-09-28 16:18:32,273 - INFO - HTTP Request: POST https://api.moonshot.cn/v1/chat/completions "HTTP/1.1 200 OK"
2025-09-28 16:18:32,274 - INFO - Successfully processed word: encounter 相遇；遭遇 偶然碰见；面临
2025-09-28 16:18:32,458 - INFO - HTTP Request: POST https://api.moonshot.cn/v1/chat/completions "HTTP/1.1 200 OK"
2025-09-28 16:18:32,459 - INFO - Successfully processed word: audience 听众；观众
2025-09-28 16:18:38,446 - INFO - Retrying request to /chat/completions in 0.405942 seconds
2025-09-28 16:18:40,422 - INFO - HTTP Request: POST https://api.moonshot.cn/v1/chat/completions "HTTP/1.1 200 OK"
2025-09-28 16:18:40,423 - INFO - Successfully processed word: celebrity 名人；名声
2025-09-28 16:18:41,745 - INFO - HTTP Request: POST https://api.moonshot.cn/v1/chat/completions "HTTP/1.1 200 OK"
2025-09-28 16:18:41,745 - INFO - Successfully processed word: property 财产；地产
2025-09-28 16:18:43,208 - INFO - Retrying request to /chat/completions in 0.845480 seconds
2025-09-28 16:18:43,928 - INFO - Retrying request to /chat/completions in 0.427044 seconds
2025-09-28 16:18:45,222 - INFO - Retrying request to /chat/completions in 0.423921 seconds
2025-09-28 16:18:45,801 - INFO - HTTP Request: POST https://api.moonshot.cn/v1/chat/completions "HTTP/1.1 200 OK"
2025-09-28 16:18:45,803 - INFO - Successfully processed word: cable tv 有线电视
2025-09-28 16:18:46,295 - INFO - Retrying request to /chat/completions in 0.439878 seconds
2025-09-28 16:18:47,954 - INFO - HTTP Request: POST https://api.moonshot.cn/v1/chat/completions "HTTP/1.1 200 OK"
2025-09-28 16:18:47,955 - INFO - Successfully processed word: cinema 电影；影片；电影院；电影艺术；电影业
2025-09-28 16:18:48,132 - INFO - HTTP Request: POST https://api.moonshot.cn/v1/chat/completions "HTTP/1.1 200 OK"
2025-09-28 16:18:48,133 - INFO - Successfully processed word: relocate 重新安置；迁徙
2025-09-28 16:18:49,874 - INFO - HTTP Request: POST https://api.moonshot.cn/v1/chat/completions "HTTP/1.1 200 OK"
2025-09-28 16:18:49,874 - INFO - Successfully processed word: cue 暗示；提示
2025-09-28 16:18:50,292 - INFO - HTTP Request: POST https://api.moonshot.cn/v1/chat/completions "HTTP/1.1 200 OK"
2025-09-28 16:18:50,293 - INFO - Successfully processed word: storage 储藏；藏室
2025-09-28 16:18:50,555 - INFO - HTTP Request: POST https://api.moonshot.cn/v1/chat/completions "HTTP/1.1 200 OK"
2025-09-28 16:18:50,556 - INFO - Successfully processed word: intrude 闯入；侵入；把……强加诸于
2025-09-28 16:18:51,076 - INFO - HTTP Request: POST https://api.moonshot.cn/v1/chat/completions "HTTP/1.1 200 OK"
2025-09-28 16:18:51,077 - INFO - Successfully processed word: fare 车费；票价
2025-09-28 16:18:51,680 - INFO - HTTP Request: POST https://api.moonshot.cn/v1/chat/completions "HTTP/1.1 200 OK"
2025-09-28 16:18:51,681 - INFO - Successfully processed word: utility 公共实业；实用
2025-09-28 16:18:54,046 - INFO - Retrying request to /chat/completions in 0.411931 seconds
2025-09-28 16:18:54,156 - INFO - Retrying request to /chat/completions in 0.970063 seconds
2025-09-28 16:18:56,866 - INFO - HTTP Request: POST https://api.moonshot.cn/v1/chat/completions "HTTP/1.1 200 OK"
2025-09-28 16:18:56,867 - INFO - Successfully processed word: tenant 房客；承租人；佃户
2025-09-28 16:18:59,316 - INFO - Retrying request to /chat/completions in 0.417697 seconds
2025-09-28 16:19:00,459 - INFO - HTTP Request: POST https://api.moonshot.cn/v1/chat/completions "HTTP/1.1 200 OK"
2025-09-28 16:19:00,460 - INFO - Successfully processed word: run into 偶遇；碰上
2025-09-28 16:19:00,748 - INFO - HTTP Request: POST https://api.moonshot.cn/v1/chat/completions "HTTP/1.1 200 OK"
2025-09-28 16:19:00,749 - INFO - Successfully processed word: drama 戏剧；剧本
2025-09-28 16:19:01,265 - INFO - Retrying request to /chat/completions in 0.419092 seconds
2025-09-28 16:19:04,124 - INFO - Retrying request to /chat/completions in 0.805422 seconds
2025-09-28 16:19:04,146 - INFO - HTTP Request: POST https://api.moonshot.cn/v1/chat/completions "HTTP/1.1 200 OK"
2025-09-28 16:19:04,147 - INFO - Successfully processed word: periodical 杂志；期刊
2025-09-28 16:19:05,810 - INFO - HTTP Request: POST https://api.moonshot.cn/v1/chat/completions "HTTP/1.1 200 OK"
2025-09-28 16:19:05,810 - INFO - Successfully processed word: headline （报纸的）标题
2025-09-28 16:19:07,643 - INFO - HTTP Request: POST https://api.moonshot.cn/v1/chat/completions "HTTP/1.1 200 OK"
2025-09-28 16:19:07,644 - INFO - Successfully processed word: fire extinguisher 灭火器
2025-09-28 16:19:08,106 - INFO - HTTP Request: POST https://api.moonshot.cn/v1/chat/completions "HTTP/1.1 200 OK"
2025-09-28 16:19:08,107 - INFO - Successfully processed word: down payment 头期款；预付金；定金
2025-09-28 16:19:08,724 - INFO - Retrying request to /chat/completions in 0.979556 seconds
2025-09-28 16:19:10,544 - INFO - HTTP Request: POST https://api.moonshot.cn/v1/chat/completions "HTTP/1.1 200 OK"
2025-09-28 16:19:10,545 - INFO - Successfully processed word: premiere 首次公演；首映
2025-09-28 16:19:11,605 - INFO - HTTP Request: POST https://api.moonshot.cn/v1/chat/completions "HTTP/1.1 200 OK"
2025-09-28 16:19:11,606 - INFO - Successfully processed word: plumbing 水管设施
2025-09-28 16:19:12,163 - INFO - Retrying request to /chat/completions in 0.395603 seconds
2025-09-28 16:19:15,272 - INFO - HTTP Request: POST https://api.moonshot.cn/v1/chat/completions "HTTP/1.1 200 OK"
2025-09-28 16:19:15,273 - INFO - Successfully processed word: brag 自夸；吹嘘
2025-09-28 16:19:15,344 - INFO - HTTP Request: POST https://api.moonshot.cn/v1/chat/completions "HTTP/1.1 200 OK"
2025-09-28 16:19:15,345 - INFO - Successfully processed word: rate 分级；分等 感觉、情绪、态度及知觉
2025-09-28 16:19:16,749 - INFO - HTTP Request: POST https://api.moonshot.cn/v1/chat/completions "HTTP/1.1 200 OK"
2025-09-28 16:19:16,750 - INFO - Successfully processed word: detest 憎恶；痛恨；嫌恶
2025-09-28 16:19:18,568 - INFO - HTTP Request: POST https://api.moonshot.cn/v1/chat/completions "HTTP/1.1 200 OK"
2025-09-28 16:19:18,569 - INFO - Successfully processed word: laundromat 自助洗衣店
2025-09-28 16:19:20,987 - INFO - Retrying request to /chat/completions in 0.386014 seconds
2025-09-28 16:19:21,861 - INFO - Retrying request to /chat/completions in 0.993010 seconds
2025-09-28 16:19:23,099 - INFO - HTTP Request: POST https://api.moonshot.cn/v1/chat/completions "HTTP/1.1 200 OK"
2025-09-28 16:19:23,100 - INFO - Successfully processed word: scriptwriter 剧作家；编剧
2025-09-28 16:19:23,314 - INFO - HTTP Request: POST https://api.moonshot.cn/v1/chat/completions "HTTP/1.1 200 OK"
2025-09-28 16:19:23,315 - INFO - Successfully processed word: affection 感情；钟爱
2025-09-28 16:19:24,118 - INFO - HTTP Request: POST https://api.moonshot.cn/v1/chat/completions "HTTP/1.1 200 OK"
2025-09-28 16:19:24,127 - INFO - Successfully processed word: ticket office 售票处
2025-09-28 16:19:24,845 - INFO - HTTP Request: POST https://api.moonshot.cn/v1/chat/completions "HTTP/1.1 200 OK"
2025-09-28 16:19:24,846 - INFO - Successfully processed word: anticipate 预见；期待；在……之前行动；预先考虑；
2025-09-28 16:19:25,479 - INFO - HTTP Request: POST https://api.moonshot.cn/v1/chat/completions "HTTP/1.1 200 OK"
2025-09-28 16:19:25,482 - INFO - Successfully processed word: delighted 欣喜的；愉快的
2025-09-28 16:19:26,311 - INFO - Retrying request to /chat/completions in 0.456922 seconds
2025-09-28 16:19:30,458 - INFO - Retrying request to /chat/completions in 0.766755 seconds
2025-09-28 16:19:32,462 - INFO - HTTP Request: POST https://api.moonshot.cn/v1/chat/completions "HTTP/1.1 200 OK"
2025-09-28 16:19:32,463 - INFO - Successfully processed word: criticize 批评；评论
2025-09-28 16:19:33,113 - WARNING - Attempt 3 failed for word 'office matters  办公室事宜': Request timed out.. Retrying...
2025-09-28 16:19:33,882 - INFO - HTTP Request: POST https://api.moonshot.cn/v1/chat/completions "HTTP/1.1 200 OK"
2025-09-28 16:19:33,883 - INFO - Successfully processed word: porch 门廊；游廊
2025-09-28 16:19:36,059 - INFO - HTTP Request: POST https://api.moonshot.cn/v1/chat/completions "HTTP/1.1 200 OK"
2025-09-28 16:19:36,060 - INFO - Successfully processed word: disgust 作呕；厌恶；反感 导致反感
2025-09-28 16:19:36,663 - INFO - HTTP Request: POST https://api.moonshot.cn/v1/chat/completions "HTTP/1.1 200 OK"
2025-09-28 16:19:36,663 - INFO - Successfully processed word: applaud 鼓掌
2025-09-28 16:19:37,072 - INFO - HTTP Request: POST https://api.moonshot.cn/v1/chat/completions "HTTP/1.1 200 OK"
2025-09-28 16:19:37,073 - INFO - Successfully processed word: ballet 芭蕾舞
2025-09-28 16:19:41,813 - INFO - HTTP Request: POST https://api.moonshot.cn/v1/chat/completions "HTTP/1.1 200 OK"
2025-09-28 16:19:41,814 - INFO - Successfully processed word: distress 悲痛；贫困；危难
2025-09-28 16:19:45,254 - INFO - HTTP Request: POST https://api.moonshot.cn/v1/chat/completions "HTTP/1.1 200 OK"
2025-09-28 16:19:45,255 - INFO - Successfully processed word: carnival 狂欢；欢宴；嘉年华会；巡回娱乐表演
2025-09-28 16:19:45,696 - WARNING - Attempt 2 failed for word 'medicine & insurance 医疗及保险': Request timed out.. Retrying...
2025-09-28 16:19:45,820 - INFO - Retrying request to /chat/completions in 0.467250 seconds
2025-09-28 16:19:47,952 - INFO - Retrying request to /chat/completions in 0.909318 seconds
2025-09-28 16:19:48,139 - INFO - Retrying request to /chat/completions in 0.486477 seconds
2025-09-28 16:19:48,140 - INFO - HTTP Request: POST https://api.moonshot.cn/v1/chat/completions "HTTP/1.1 200 OK"
2025-09-28 16:19:48,140 - INFO - Successfully processed word: enthusiastic 热心的；狂热的
2025-09-28 16:19:49,096 - INFO - HTTP Request: POST https://api.moonshot.cn/v1/chat/completions "HTTP/1.1 200 OK"
2025-09-28 16:19:49,098 - INFO - Successfully processed word: choreography 舞蹈设计；编舞
2025-09-28 16:19:50,558 - INFO - Retrying request to /chat/completions in 0.457734 seconds
2025-09-28 16:19:51,697 - INFO - Retrying request to /chat/completions in 0.471231 seconds
2025-09-28 16:19:51,997 - INFO - HTTP Request: POST https://api.moonshot.cn/v1/chat/completions "HTTP/1.1 200 OK"
2025-09-28 16:19:51,998 - INFO - Successfully processed word: concert 音乐会
2025-09-28 16:19:52,591 - INFO - HTTP Request: POST https://api.moonshot.cn/v1/chat/completions "HTTP/1.1 200 OK"
2025-09-28 16:19:52,592 - INFO - Successfully processed word: residence 住所；公馆；居住
2025-09-28 16:19:53,391 - INFO - HTTP Request: POST https://api.moonshot.cn/v1/chat/completions "HTTP/1.1 200 OK"
2025-09-28 16:19:53,392 - INFO - Successfully processed word: balcony 阳台；包厢
2025-09-28 16:19:54,623 - INFO - HTTP Request: POST https://api.moonshot.cn/v1/chat/completions "HTTP/1.1 200 OK"
2025-09-28 16:19:54,624 - INFO - Successfully processed word: impartial 不偏袒；无偏见的；公正的
2025-09-28 16:19:56,553 - WARNING - Attempt 1 failed for word 'gossip 闲话；流言； 说闲话': Request timed out.. Retrying...
2025-09-28 16:19:56,883 - INFO - Retrying request to /chat/completions in 0.418937 seconds
2025-09-28 16:19:57,099 - INFO - HTTP Request: POST https://api.moonshot.cn/v1/chat/completions "HTTP/1.1 200 OK"
2025-09-28 16:19:57,100 - INFO - Successfully processed word: impulsive 冲动的
2025-09-28 16:20:00,469 - INFO - Retrying request to /chat/completions in 0.473471 seconds
2025-09-28 16:20:00,656 - INFO - Retrying request to /chat/completions in 0.795712 seconds
2025-09-28 16:20:01,895 - INFO - HTTP Request: POST https://api.moonshot.cn/v1/chat/completions "HTTP/1.1 200 OK"
2025-09-28 16:20:01,896 - INFO - Successfully processed word: irritated 被激怒的；发炎的；疼痛的
2025-09-28 16:20:02,409 - INFO - HTTP Request: POST https://api.moonshot.cn/v1/chat/completions "HTTP/1.1 200 OK"
2025-09-28 16:20:02,410 - INFO - Successfully processed word: editorial 社论
2025-09-28 16:20:03,281 - INFO - Retrying request to /chat/completions in 0.999025 seconds
2025-09-28 16:20:03,327 - INFO - HTTP Request: POST https://api.moonshot.cn/v1/chat/completions "HTTP/1.1 200 OK"
2025-09-28 16:20:03,329 - INFO - Successfully processed word: critic 批评家；评论家；吹毛求疵的人
2025-09-28 16:20:03,766 - INFO - HTTP Request: POST https://api.moonshot.cn/v1/chat/completions "HTTP/1.1 200 OK"
2025-09-28 16:20:03,767 - INFO - Successfully processed word: finale 结局；乐曲的最后部分
2025-09-28 16:20:04,842 - INFO - HTTP Request: POST https://api.moonshot.cn/v1/chat/completions "HTTP/1.1 200 OK"
2025-09-28 16:20:04,843 - INFO - Successfully processed word: curtain call 谢幕
2025-09-28 16:20:09,855 - INFO - HTTP Request: POST https://api.moonshot.cn/v1/chat/completions "HTTP/1.1 200 OK"
2025-09-28 16:20:09,856 - INFO - Successfully processed word: media 媒体
2025-09-28 16:20:10,792 - WARNING - Attempt 1 failed for word 'quarrel 争吵；争论 吵架': Request timed out.. Retrying...
2025-09-28 16:20:11,113 - INFO - HTTP Request: POST https://api.moonshot.cn/v1/chat/completions "HTTP/1.1 200 OK"
2025-09-28 16:20:11,114 - INFO - Successfully processed word: mad 发疯的；疯狂的；着迷的；愚蠢的；生气的
2025-09-28 16:20:13,196 - INFO - Retrying request to /chat/completions in 0.966075 seconds
2025-09-28 16:20:14,024 - INFO - HTTP Request: POST https://api.moonshot.cn/v1/chat/completions "HTTP/1.1 200 OK"
2025-09-28 16:20:14,025 - INFO - Successfully processed word: performance 演出；表现；性能
2025-09-28 16:20:16,758 - INFO - Retrying request to /chat/completions in 0.458732 seconds
2025-09-28 16:20:16,767 - INFO - HTTP Request: POST https://api.moonshot.cn/v1/chat/completions "HTTP/1.1 200 OK"
2025-09-28 16:20:16,768 - INFO - Successfully processed word: panic 恐慌；使恐慌
2025-09-28 16:20:18,353 - INFO - HTTP Request: POST https://api.moonshot.cn/v1/chat/completions "HTTP/1.1 200 OK"
2025-09-28 16:20:18,354 - INFO - Successfully processed word: playwright 剧作家
2025-09-28 16:20:21,090 - INFO - HTTP Request: POST https://api.moonshot.cn/v1/chat/completions "HTTP/1.1 200 OK"
2025-09-28 16:20:21,091 - INFO - Successfully processed word: repulsive 使人反感的；令人厌恶的
2025-09-28 16:20:21,709 - INFO - Retrying request to /chat/completions in 0.961742 seconds
2025-09-28 16:20:23,281 - WARNING - Attempt 1 failed for word 'amuse 使欢乐；使愉快；使发笑': Request timed out.. Retrying...
2025-09-28 16:20:24,140 - INFO - Retrying request to /chat/completions in 0.474386 seconds
2025-09-28 16:20:24,326 - INFO - HTTP Request: POST https://api.moonshot.cn/v1/chat/completions "HTTP/1.1 200 OK"
2025-09-28 16:20:24,327 - INFO - Successfully processed word: symphony 交响曲
2025-09-28 16:20:24,329 - INFO - HTTP Request: POST https://api.moonshot.cn/v1/chat/completions "HTTP/1.1 200 OK"
2025-09-28 16:20:24,330 - INFO - Successfully processed word: tranquility 平静的；安宁
2025-09-28 16:20:26,145 - INFO - HTTP Request: POST https://api.moonshot.cn/v1/chat/completions "HTTP/1.1 200 OK"
2025-09-28 16:20:26,146 - INFO - Successfully processed word: preview 试映；预告片
2025-09-28 16:20:29,920 - INFO - HTTP Request: POST https://api.moonshot.cn/v1/chat/completions "HTTP/1.1 200 OK"
2025-09-28 16:20:29,921 - INFO - Successfully processed word: stunt 特技；噱头
2025-09-28 16:20:32,084 - WARNING - Attempt 3 failed for word 'distributor 供应商；经销商': Request timed out.. Retrying...
2025-09-28 16:20:33,275 - INFO - HTTP Request: POST https://api.moonshot.cn/v1/chat/completions "HTTP/1.1 200 OK"
2025-09-28 16:20:33,276 - INFO - Successfully processed word: ambition 雄心；野心
2025-09-28 16:20:34,673 - INFO - Retrying request to /chat/completions in 0.396376 seconds
2025-09-28 16:20:34,915 - INFO - HTTP Request: POST https://api.moonshot.cn/v1/chat/completions "HTTP/1.1 200 OK"
2025-09-28 16:20:34,916 - INFO - Successfully processed word: rehearsal 预演；排练
2025-09-28 16:20:36,674 - INFO - Retrying request to /chat/completions in 0.486609 seconds
2025-09-28 16:20:41,456 - INFO - HTTP Request: POST https://api.moonshot.cn/v1/chat/completions "HTTP/1.1 200 OK"
2025-09-28 16:20:41,457 - INFO - Successfully processed word: audition 试听；试演
2025-09-28 16:20:44,943 - INFO - HTTP Request: POST https://api.moonshot.cn/v1/chat/completions "HTTP/1.1 200 OK"
2025-09-28 16:20:44,944 - INFO - Successfully processed word: contentment 满意；满足
2025-09-28 16:20:45,269 - INFO - Retrying request to /chat/completions in 0.442366 seconds
2025-09-28 16:20:45,961 - INFO - HTTP Request: POST https://api.moonshot.cn/v1/chat/completions "HTTP/1.1 200 OK"
2025-09-28 16:20:45,962 - INFO - Successfully processed word: attraction 吸引力；吸引人之物
2025-09-28 16:20:46,378 - INFO - HTTP Request: POST https://api.moonshot.cn/v1/chat/completions "HTTP/1.1 200 OK"
2025-09-28 16:20:46,379 - INFO - Successfully processed word: despair 绝望；使人绝望的事物
2025-09-28 16:20:46,724 - INFO - Retrying request to /chat/completions in 0.474322 seconds
2025-09-28 16:20:48,639 - INFO - Retrying request to /chat/completions in 0.970714 seconds
2025-09-28 16:20:49,105 - INFO - Retrying request to /chat/completions in 0.431597 seconds
2025-09-28 16:20:51,040 - INFO - Retrying request to /chat/completions in 0.791591 seconds
2025-09-28 16:20:51,102 - WARNING - Attempt 2 failed for word 'handicap 残障；不利条件；障碍': Request timed out.. Retrying...
2025-09-28 16:20:52,177 - INFO - Retrying request to /chat/completions in 0.989103 seconds
2025-09-28 16:20:52,725 - INFO - HTTP Request: POST https://api.moonshot.cn/v1/chat/completions "HTTP/1.1 200 OK"
2025-09-28 16:20:52,734 - INFO - Successfully processed word: entice 诱惑；引诱
2025-09-28 16:20:53,397 - INFO - Retrying request to /chat/completions in 0.397046 seconds
2025-09-28 16:20:54,630 - INFO - Retrying request to /chat/completions in 0.394725 seconds
2025-09-28 16:20:54,935 - INFO - HTTP Request: POST https://api.moonshot.cn/v1/chat/completions "HTTP/1.1 200 OK"
2025-09-28 16:20:54,936 - INFO - Successfully processed word: hideous 丑的吓人；不忍睹的；丑恶的；可憎的
2025-09-28 16:20:56,983 - INFO - HTTP Request: POST https://api.moonshot.cn/v1/chat/completions "HTTP/1.1 200 OK"
2025-09-28 16:20:56,984 - INFO - Successfully processed word: gossip 闲话；流言； 说闲话
2025-09-28 16:20:57,111 - INFO - Retrying request to /chat/completions in 0.439772 seconds
2025-09-28 16:20:57,237 - INFO - HTTP Request: POST https://api.moonshot.cn/v1/chat/completions "HTTP/1.1 200 OK"
2025-09-28 16:20:57,237 - INFO - Successfully processed word: gloomy 幽暗的；令人沮丧的；忧郁的；没有希望的
2025-09-28 16:20:58,514 - INFO - Retrying request to /chat/completions in 0.962001 seconds
2025-09-28 16:21:01,113 - INFO - HTTP Request: POST https://api.moonshot.cn/v1/chat/completions "HTTP/1.1 200 OK"
2025-09-28 16:21:01,115 - INFO - Successfully processed word: fondness 钟爱；溺爱；嗜好；癖好
2025-09-28 16:21:02,426 - INFO - Retrying request to /chat/completions in 0.381072 seconds
2025-09-28 16:21:02,599 - WARNING - Attempt 1 failed for word 'composer 作曲家': Request timed out.. Retrying...
2025-09-28 16:21:03,783 - INFO - Retrying request to /chat/completions in 0.421039 seconds
2025-09-28 16:21:05,309 - INFO - HTTP Request: POST https://api.moonshot.cn/v1/chat/completions "HTTP/1.1 200 OK"
2025-09-28 16:21:05,310 - INFO - Successfully processed word: coach 教师；教练
2025-09-28 16:21:05,562 - WARNING - Attempt 1 failed for word 'conductor 指挥家': Request timed out.. Retrying...
2025-09-28 16:21:11,127 - INFO - Retrying request to /chat/completions in 0.428469 seconds
2025-09-28 16:21:12,321 - INFO - HTTP Request: POST https://api.moonshot.cn/v1/chat/completions "HTTP/1.1 200 OK"
2025-09-28 16:21:12,322 - INFO - Successfully processed word: defeat 失败；击败
2025-09-28 16:21:12,388 - INFO - HTTP Request: POST https://api.moonshot.cn/v1/chat/completions "HTTP/1.1 200 OK"
2025-09-28 16:21:12,389 - INFO - Successfully processed word: instinct 天性；本能；直觉
2025-09-28 16:21:12,537 - INFO - Retrying request to /chat/completions in 0.444551 seconds
2025-09-28 16:21:13,474 - INFO - HTTP Request: POST https://api.moonshot.cn/v1/chat/completions "HTTP/1.1 200 OK"
2025-09-28 16:21:13,475 - INFO - Successfully processed word: compete 竞争；比赛
2025-09-28 16:21:14,983 - INFO - HTTP Request: POST https://api.moonshot.cn/v1/chat/completions "HTTP/1.1 200 OK"
2025-09-28 16:21:14,983 - INFO - Successfully processed word: newscast 新闻广播
2025-09-28 16:21:15,426 - INFO - HTTP Request: POST https://api.moonshot.cn/v1/chat/completions "HTTP/1.1 200 OK"
2025-09-28 16:21:15,426 - INFO - Successfully processed word: jealous 嫉妒的；羡慕的；唯恐失去的
2025-09-28 16:21:17,963 - INFO - Retrying request to /chat/completions in 0.786318 seconds
2025-09-28 16:21:18,108 - INFO - HTTP Request: POST https://api.moonshot.cn/v1/chat/completions "HTTP/1.1 200 OK"
2025-09-28 16:21:18,109 - INFO - Successfully processed word: nasty 肮脏的；不道德的；恶毒的；令人不愉快的；严重
2025-09-28 16:21:20,915 - INFO - HTTP Request: POST https://api.moonshot.cn/v1/chat/completions "HTTP/1.1 200 OK"
2025-09-28 16:21:20,916 - INFO - Successfully processed word: prejudice 偏见；歧视
2025-09-28 16:21:21,489 - INFO - HTTP Request: POST https://api.moonshot.cn/v1/chat/completions "HTTP/1.1 200 OK"
2025-09-28 16:21:21,491 - INFO - Successfully processed word: fitness 适合；恰当；身体健康
2025-09-28 16:21:23,497 - WARNING - Attempt 1 failed for word 'attitudes scenario 戏剧的情节': Request timed out.. Retrying...
2025-09-28 16:21:24,119 - INFO - HTTP Request: POST https://api.moonshot.cn/v1/chat/completions "HTTP/1.1 200 OK"
2025-09-28 16:21:24,119 - INFO - Successfully processed word: amuse 使欢乐；使愉快；使发笑
2025-09-28 16:21:24,381 - INFO - HTTP Request: POST https://api.moonshot.cn/v1/chat/completions "HTTP/1.1 200 OK"
2025-09-28 16:21:24,382 - INFO - Successfully processed word: optimistic 乐观的
2025-09-28 16:21:26,006 - INFO - HTTP Request: POST https://api.moonshot.cn/v1/chat/completions "HTTP/1.1 200 OK"
2025-09-28 16:21:26,007 - INFO - Successfully processed word: gym 健身房；体育馆
2025-09-28 16:21:30,449 - INFO - HTTP Request: POST https://api.moonshot.cn/v1/chat/completions "HTTP/1.1 200 OK"
2025-09-28 16:21:30,450 - INFO - Successfully processed word: league 联盟；同盟
2025-09-28 16:21:34,644 - INFO - Retrying request to /chat/completions in 0.415484 seconds
2025-09-28 16:21:34,927 - INFO - Retrying request to /chat/completions in 0.411183 seconds
2025-09-28 16:21:37,217 - INFO - HTTP Request: POST https://api.moonshot.cn/v1/chat/completions "HTTP/1.1 200 OK"
2025-09-28 16:21:37,225 - INFO - Successfully processed word: mountaineering 登山运动
2025-09-28 16:21:37,374 - INFO - Retrying request to /chat/completions in 0.830685 seconds
2025-09-28 16:21:37,781 - INFO - Retrying request to /chat/completions in 0.920595 seconds
2025-09-28 16:21:41,340 - INFO - HTTP Request: POST https://api.moonshot.cn/v1/chat/completions "HTTP/1.1 200 OK"
2025-09-28 16:21:41,341 - INFO - Successfully processed word: theater 戏院；剧院
2025-09-28 16:21:41,392 - INFO - HTTP Request: POST https://api.moonshot.cn/v1/chat/completions "HTTP/1.1 200 OK"
2025-09-28 16:21:41,393 - INFO - Successfully processed word: provoke 激怒；引起；激起
2025-09-28 16:21:41,472 - INFO - Retrying request to /chat/completions in 0.409567 seconds
2025-09-28 16:21:44,104 - INFO - HTTP Request: POST https://api.moonshot.cn/v1/chat/completions "HTTP/1.1 200 OK"
2025-09-28 16:21:44,105 - INFO - Successfully processed word: startle 惊吓；使吓一跳
2025-09-28 16:21:46,344 - INFO - HTTP Request: POST https://api.moonshot.cn/v1/chat/completions "HTTP/1.1 200 OK"
2025-09-28 16:21:46,345 - INFO - Successfully processed word: esteem 好评；尊敬  极看重；尊重
2025-09-28 16:21:46,928 - INFO - HTTP Request: POST https://api.moonshot.cn/v1/chat/completions "HTTP/1.1 200 OK"
2025-09-28 16:21:46,929 - INFO - Successfully processed word: violin 小提琴
2025-09-28 16:21:48,086 - INFO - Retrying request to /chat/completions in 0.838736 seconds
2025-09-28 16:21:48,380 - INFO - HTTP Request: POST https://api.moonshot.cn/v1/chat/completions "HTTP/1.1 200 OK"
2025-09-28 16:21:48,381 - INFO - Successfully processed word: participate 参与；参加
2025-09-28 16:21:49,919 - INFO - HTTP Request: POST https://api.moonshot.cn/v1/chat/completions "HTTP/1.1 200 OK"
2025-09-28 16:21:49,920 - INFO - Successfully processed word: recreation 娱乐；消遣
2025-09-28 16:21:50,421 - INFO - HTTP Request: POST https://api.moonshot.cn/v1/chat/completions "HTTP/1.1 200 OK"
2025-09-28 16:21:50,421 - INFO - Successfully processed word: disposition 倾向；性格；气质；性情
2025-09-28 16:21:50,446 - WARNING - Attempt 1 failed for word 'broadcast 广播；宣传': Request timed out.. Retrying...
2025-09-28 16:21:51,852 - INFO - HTTP Request: POST https://api.moonshot.cn/v1/chat/completions "HTTP/1.1 200 OK"
2025-09-28 16:21:51,853 - INFO - Successfully processed word: elegant 高雅的；有品味的；上等的
2025-09-28 16:21:52,442 - INFO - HTTP Request: POST https://api.moonshot.cn/v1/chat/completions "HTTP/1.1 200 OK"
2025-09-28 16:21:52,443 - INFO - Successfully processed word: circus 马戏团
2025-09-28 16:21:52,577 - INFO - HTTP Request: POST https://api.moonshot.cn/v1/chat/completions "HTTP/1.1 200 OK"
2025-09-28 16:21:52,578 - INFO - Successfully processed word: handicap 残障；不利条件；障碍
2025-09-28 16:21:53,755 - INFO - HTTP Request: POST https://api.moonshot.cn/v1/chat/completions "HTTP/1.1 200 OK"
2025-09-28 16:21:53,755 - INFO - Successfully processed word: fascination 入迷；着迷；强烈吸引力；魅力
2025-09-28 16:21:54,816 - INFO - Retrying request to /chat/completions in 0.871726 seconds
2025-09-28 16:21:54,941 - INFO - Retrying request to /chat/completions in 0.475907 seconds
2025-09-28 16:21:57,252 - INFO - Retrying request to /chat/completions in 0.419197 seconds
2025-09-28 16:21:57,482 - INFO - HTTP Request: POST https://api.moonshot.cn/v1/chat/completions "HTTP/1.1 200 OK"
2025-09-28 16:21:57,483 - INFO - Successfully processed word: conductor 指挥家
2025-09-28 16:21:58,002 - INFO - HTTP Request: POST https://api.moonshot.cn/v1/chat/completions "HTTP/1.1 200 OK"
2025-09-28 16:21:58,003 - INFO - Successfully processed word: soccer 足球
2025-09-28 16:22:01,122 - INFO - Retrying request to /chat/completions in 0.456072 seconds
2025-09-28 16:22:03,751 - INFO - HTTP Request: POST https://api.moonshot.cn/v1/chat/completions "HTTP/1.1 200 OK"
2025-09-28 16:22:03,752 - INFO - Successfully processed word: stroll 散步；闲逛
2025-09-28 16:22:03,823 - INFO - HTTP Request: POST https://api.moonshot.cn/v1/chat/completions "HTTP/1.1 200 OK"
2025-09-28 16:22:03,824 - INFO - Successfully processed word: fancy 精心设计的；特技的；花俏的；昂贵的
2025-09-28 16:22:04,229 - INFO - Retrying request to /chat/completions in 0.419985 seconds
2025-09-28 16:22:04,812 - INFO - HTTP Request: POST https://api.moonshot.cn/v1/chat/completions "HTTP/1.1 200 OK"
2025-09-28 16:22:04,813 - INFO - Successfully processed word: aspect 面貌；方向；朝向
2025-09-28 16:22:05,436 - INFO - HTTP Request: POST https://api.moonshot.cn/v1/chat/completions "HTTP/1.1 200 OK"
2025-09-28 16:22:05,437 - INFO - Successfully processed word: aerobics 有氧运动
2025-09-28 16:22:10,593 - INFO - HTTP Request: POST https://api.moonshot.cn/v1/chat/completions "HTTP/1.1 200 OK"
2025-09-28 16:22:10,594 - INFO - Successfully processed word: stadium 体育场 其他重要名词及动词
2025-09-28 16:22:11,295 - INFO - HTTP Request: POST https://api.moonshot.cn/v1/chat/completions "HTTP/1.1 200 OK"
2025-09-28 16:22:11,296 - INFO - Successfully processed word: surrender （向敌人）投降；放弃
2025-09-28 16:22:12,923 - INFO - HTTP Request: POST https://api.moonshot.cn/v1/chat/completions "HTTP/1.1 200 OK"
2025-09-28 16:22:12,924 - INFO - Successfully processed word: call waiting 电话插播
2025-09-28 16:22:13,779 - INFO - Retrying request to /chat/completions in 0.946846 seconds
2025-09-28 16:22:13,959 - INFO - HTTP Request: POST https://api.moonshot.cn/v1/chat/completions "HTTP/1.1 200 OK"
2025-09-28 16:22:13,960 - INFO - Successfully processed word: quarrel 争吵；争论 吵架
2025-09-28 16:22:15,443 - INFO - Retrying request to /chat/completions in 0.430501 seconds
2025-09-28 16:22:18,124 - INFO - Retrying request to /chat/completions in 0.484292 seconds
2025-09-28 16:22:19,404 - WARNING - Attempt 1 failed for word 'objective 目标；客观的': Request timed out.. Retrying...
2025-09-28 16:22:20,273 - INFO - HTTP Request: POST https://api.moonshot.cn/v1/chat/completions "HTTP/1.1 200 OK"
2025-09-28 16:22:20,273 - INFO - Successfully processed word: declaration 宣布；公布；宣言
2025-09-28 16:22:20,919 - INFO - Retrying request to /chat/completions in 0.418504 seconds
2025-09-28 16:22:21,498 - INFO - Retrying request to /chat/completions in 0.431797 seconds
2025-09-28 16:22:24,398 - INFO - Retrying request to /chat/completions in 0.434513 seconds
2025-09-28 16:22:25,410 - INFO - Retrying request to /chat/completions in 0.375490 seconds
2025-09-28 16:22:26,397 - INFO - HTTP Request: POST https://api.moonshot.cn/v1/chat/completions "HTTP/1.1 200 OK"
2025-09-28 16:22:26,398 - INFO - Successfully processed word: endeavor 努力；尽力 试图；尝试
2025-09-28 16:22:33,212 - INFO - HTTP Request: POST https://api.moonshot.cn/v1/chat/completions "HTTP/1.1 200 OK"
2025-09-28 16:22:33,212 - INFO - Successfully processed word: perceive 感知；察觉；理会
2025-09-28 16:22:36,281 - INFO - Retrying request to /chat/completions in 0.783245 seconds
2025-09-28 16:22:37,237 - INFO - Retrying request to /chat/completions in 0.386500 seconds
2025-09-28 16:22:37,345 - INFO - HTTP Request: POST https://api.moonshot.cn/v1/chat/completions "HTTP/1.1 200 OK"
2025-09-28 16:22:37,345 - INFO - Successfully processed word: identity 身份；本体；相同；同一
2025-09-28 16:22:39,159 - INFO - HTTP Request: POST https://api.moonshot.cn/v1/chat/completions "HTTP/1.1 200 OK"
2025-09-28 16:22:39,160 - INFO - Successfully processed word: billiards 撞球
2025-09-28 16:22:40,038 - WARNING - Attempt 1 failed for word 'screen 隔板；荧幕；荧光屏 感觉、情绪、态度及知': Request timed out.. Retrying...
2025-09-28 16:22:40,740 - ERROR - Failed to process word 'office matters  办公室事宜' after 4 attempts: Request timed out.
2025-09-28 16:22:41,356 - INFO - HTTP Request: POST https://api.moonshot.cn/v1/chat/completions "HTTP/1.1 200 OK"
2025-09-28 16:22:41,357 - INFO - Successfully processed word: combative 好战的；好斗的
2025-09-28 16:22:42,512 - INFO - HTTP Request: POST https://api.moonshot.cn/v1/chat/completions "HTTP/1.1 200 OK"
2025-09-28 16:22:42,513 - INFO - Successfully processed word: intention 意图；目的
2025-09-28 16:22:42,515 - INFO - Retrying request to /chat/completions in 0.808948 seconds
2025-09-28 16:22:45,129 - INFO - HTTP Request: POST https://api.moonshot.cn/v1/chat/completions "HTTP/1.1 200 OK"
2025-09-28 16:22:45,130 - INFO - Successfully processed word: default 违约；弃权
2025-09-28 16:22:46,355 - INFO - Retrying request to /chat/completions in 0.431938 seconds
2025-09-28 16:22:48,386 - INFO - Retrying request to /chat/completions in 0.472928 seconds
2025-09-28 16:22:48,718 - INFO - HTTP Request: POST https://api.moonshot.cn/v1/chat/completions "HTTP/1.1 200 OK"
2025-09-28 16:22:48,719 - INFO - Successfully processed word: obstacle 障碍物；阻碍
2025-09-28 16:22:49,424 - WARNING - Attempt 3 failed for word 'medicine & insurance 医疗及保险': Request timed out.. Retrying...
2025-09-28 16:22:49,719 - INFO - HTTP Request: POST https://api.moonshot.cn/v1/chat/completions "HTTP/1.1 200 OK"
2025-09-28 16:22:49,720 - INFO - Successfully processed word: defense 保护；防卫
2025-09-28 16:22:50,285 - INFO - HTTP Request: POST https://api.moonshot.cn/v1/chat/completions "HTTP/1.1 200 OK"
2025-09-28 16:22:50,285 - INFO - Successfully processed word: broadcast 广播；宣传
2025-09-28 16:22:50,907 - INFO - HTTP Request: POST https://api.moonshot.cn/v1/chat/completions "HTTP/1.1 200 OK"
2025-09-28 16:22:50,908 - INFO - Successfully processed word: upset 使心烦意乱；使不舒服；使失败；打翻
2025-09-28 16:22:51,862 - INFO - Retrying request to /chat/completions in 0.415559 seconds
2025-09-28 16:22:52,457 - INFO - Retrying request to /chat/completions in 0.377227 seconds
2025-09-28 16:22:52,582 - INFO - Retrying request to /chat/completions in 0.482054 seconds
2025-09-28 16:22:53,258 - INFO - HTTP Request: POST https://api.moonshot.cn/v1/chat/completions "HTTP/1.1 200 OK"
2025-09-28 16:22:53,259 - INFO - Successfully processed word: devoted 挚爱的；忠实的；热忱的
2025-09-28 16:22:53,770 - INFO - Retrying request to /chat/completions in 0.488108 seconds
2025-09-28 16:22:55,592 - INFO - HTTP Request: POST https://api.moonshot.cn/v1/chat/completions "HTTP/1.1 200 OK"
2025-09-28 16:22:55,593 - INFO - Successfully processed word: relaxation 松弛；缓和；休息；娱乐
2025-09-28 16:22:57,500 - INFO - Retrying request to /chat/completions in 0.442814 seconds
2025-09-28 16:22:58,128 - INFO - HTTP Request: POST https://api.moonshot.cn/v1/chat/completions "HTTP/1.1 200 OK"
2025-09-28 16:22:58,128 - INFO - Successfully processed word: priority 优先权；优先考虑的事
2025-09-28 16:22:59,889 - INFO - HTTP Request: POST https://api.moonshot.cn/v1/chat/completions "HTTP/1.1 200 OK"
2025-09-28 16:22:59,890 - INFO - Successfully processed word: rigor 严格；严苛；艰苦
2025-09-28 16:23:01,476 - INFO - HTTP Request: POST https://api.moonshot.cn/v1/chat/completions "HTTP/1.1 200 OK"
2025-09-28 16:23:01,477 - INFO - Successfully processed word: massage 按摩；揉捏
2025-09-28 16:23:04,010 - INFO - HTTP Request: POST https://api.moonshot.cn/v1/chat/completions "HTTP/1.1 200 OK"
2025-09-28 16:23:04,011 - INFO - Successfully processed word: muscle 肌肉；力量
2025-09-28 16:23:05,224 - INFO - Retrying request to /chat/completions in 0.786211 seconds
2025-09-28 16:23:05,443 - INFO - Retrying request to /chat/completions in 0.383380 seconds
2025-09-28 16:23:06,195 - INFO - HTTP Request: POST https://api.moonshot.cn/v1/chat/completions "HTTP/1.1 200 OK"
2025-09-28 16:23:06,196 - INFO - Successfully processed word: remind 提醒；使想起
2025-09-28 16:23:10,604 - INFO - Retrying request to /chat/completions in 0.451610 seconds
2025-09-28 16:23:11,306 - INFO - Retrying request to /chat/completions in 0.381512 seconds
2025-09-28 16:23:12,931 - INFO - Retrying request to /chat/completions in 0.406211 seconds
2025-09-28 16:23:15,332 - WARNING - Attempt 1 failed for word 'impression 意念；印象；不太明确的感觉或想法': Request timed out.. Retrying...
2025-09-28 16:23:16,507 - INFO - HTTP Request: POST https://api.moonshot.cn/v1/chat/completions "HTTP/1.1 200 OK"
2025-09-28 16:23:16,508 - INFO - Successfully processed word: assumption 假定；假设
2025-09-28 16:23:17,585 - INFO - HTTP Request: POST https://api.moonshot.cn/v1/chat/completions "HTTP/1.1 200 OK"
2025-09-28 16:23:17,586 - INFO - Successfully processed word: attempt ⑴企图；攻击 ⑵努力尝试；企图
2025-09-28 16:23:18,233 - INFO - HTTP Request: POST https://api.moonshot.cn/v1/chat/completions "HTTP/1.1 200 OK"
2025-09-28 16:23:18,234 - INFO - Successfully processed word: time-out 暂停
2025-09-28 16:23:19,044 - INFO - HTTP Request: POST https://api.moonshot.cn/v1/chat/completions "HTTP/1.1 200 OK"
2025-09-28 16:23:19,045 - INFO - Successfully processed word: replacement 代替的人或物
2025-09-28 16:23:21,045 - INFO - HTTP Request: POST https://api.moonshot.cn/v1/chat/completions "HTTP/1.1 200 OK"
2025-09-28 16:23:21,046 - INFO - Successfully processed word: usher 引座员；招待员
2025-09-28 16:23:21,269 - INFO - Retrying request to /chat/completions in 0.495323 seconds
2025-09-28 16:23:22,798 - INFO - Retrying request to /chat/completions in 0.949381 seconds
2025-09-28 16:23:26,120 - INFO - Retrying request to /chat/completions in 0.914782 seconds
2025-09-28 16:23:26,402 - INFO - Retrying request to /chat/completions in 0.474459 seconds
2025-09-28 16:23:27,928 - INFO - HTTP Request: POST https://api.moonshot.cn/v1/chat/completions "HTTP/1.1 200 OK"
2025-09-28 16:23:27,929 - INFO - Successfully processed word: exceed 超过；超出；超越
2025-09-28 16:23:29,268 - INFO - HTTP Request: POST https://api.moonshot.cn/v1/chat/completions "HTTP/1.1 200 OK"
2025-09-28 16:23:29,269 - INFO - Successfully processed word: undertake 承担；许诺；保证
2025-09-28 16:23:35,896 - INFO - HTTP Request: POST https://api.moonshot.cn/v1/chat/completions "HTTP/1.1 200 OK"
2025-09-28 16:23:35,897 - INFO - Successfully processed word: spectator 观众；旁观者
2025-09-28 16:23:36,170 - INFO - HTTP Request: POST https://api.moonshot.cn/v1/chat/completions "HTTP/1.1 200 OK"
2025-09-28 16:23:36,171 - INFO - Successfully processed word: alter 改变；修改
2025-09-28 16:23:36,602 - INFO - HTTP Request: POST https://api.moonshot.cn/v1/chat/completions "HTTP/1.1 200 OK"
2025-09-28 16:23:36,603 - INFO - Successfully processed word: tactic 战略；策略（常用复数）
2025-09-28 16:23:37,343 - ERROR - Failed to process word 'distributor 供应商；经销商' after 4 attempts: Request timed out.
2025-09-28 16:23:38,294 - INFO - HTTP Request: POST https://api.moonshot.cn/v1/chat/completions "HTTP/1.1 200 OK"
2025-09-28 16:23:38,295 - INFO - Successfully processed word: stretch 伸张；伸开；伸展
2025-09-28 16:23:38,406 - INFO - HTTP Request: POST https://api.moonshot.cn/v1/chat/completions "HTTP/1.1 200 OK"
2025-09-28 16:23:38,406 - INFO - Successfully processed word: surfing 冲浪
2025-09-28 16:23:41,735 - INFO - HTTP Request: POST https://api.moonshot.cn/v1/chat/completions "HTTP/1.1 200 OK"
2025-09-28 16:23:41,736 - INFO - Successfully processed word: marathon 马拉松；耐力比赛
2025-09-28 16:23:42,155 - INFO - Retrying request to /chat/completions in 0.419998 seconds
2025-09-28 16:23:42,448 - INFO - HTTP Request: POST https://api.moonshot.cn/v1/chat/completions "HTTP/1.1 200 OK"
2025-09-28 16:23:42,449 - INFO - Successfully processed word: discard 抛弃；丢弃
2025-09-28 16:23:42,529 - INFO - Retrying request to /chat/completions in 0.394332 seconds
2025-09-28 16:23:42,643 - INFO - HTTP Request: POST https://api.moonshot.cn/v1/chat/completions "HTTP/1.1 200 OK"
2025-09-28 16:23:42,644 - INFO - Successfully processed word: implication 含义；暗示；牵连
2025-09-28 16:23:42,916 - INFO - HTTP Request: POST https://api.moonshot.cn/v1/chat/completions "HTTP/1.1 200 OK"
2025-09-28 16:23:42,917 - INFO - Successfully processed word: clarify 澄清；使纯净
2025-09-28 16:23:43,867 - INFO - HTTP Request: POST https://api.moonshot.cn/v1/chat/completions "HTTP/1.1 200 OK"
2025-09-28 16:23:43,868 - INFO - Successfully processed word: interrupt 打断；中断
2025-09-28 16:23:46,280 - INFO - HTTP Request: POST https://api.moonshot.cn/v1/chat/completions "HTTP/1.1 200 OK"
2025-09-28 16:23:46,281 - INFO - Successfully processed word: entitle 定名；使有资格
2025-09-28 16:23:47,942 - INFO - HTTP Request: POST https://api.moonshot.cn/v1/chat/completions "HTTP/1.1 200 OK"
2025-09-28 16:23:47,943 - INFO - Successfully processed word: forfeit 罚款；丧失
2025-09-28 16:23:49,132 - INFO - Retrying request to /chat/completions in 0.921550 seconds
2025-09-28 16:23:49,727 - INFO - Retrying request to /chat/completions in 0.488655 seconds
2025-09-28 16:23:50,676 - INFO - Retrying request to /chat/completions in 0.384631 seconds
2025-09-28 16:23:50,923 - INFO - Retrying request to /chat/completions in 0.441182 seconds
2025-09-28 16:23:50,986 - INFO - HTTP Request: POST https://api.moonshot.cn/v1/chat/completions "HTTP/1.1 200 OK"
2025-09-28 16:23:50,987 - INFO - Successfully processed word: incentive 鼓励；诱因
2025-09-28 16:23:53,895 - INFO - Retrying request to /chat/completions in 0.878451 seconds
2025-09-28 16:23:54,012 - INFO - HTTP Request: POST https://api.moonshot.cn/v1/chat/completions "HTTP/1.1 200 OK"
2025-09-28 16:23:54,012 - INFO - Successfully processed word: leisure 空闲；闲暇时间
2025-09-28 16:23:54,552 - INFO - Retrying request to /chat/completions in 0.849520 seconds
2025-09-28 16:23:55,600 - INFO - Retrying request to /chat/completions in 0.417493 seconds
2025-09-28 16:23:55,952 - INFO - HTTP Request: POST https://api.moonshot.cn/v1/chat/completions "HTTP/1.1 200 OK"
2025-09-28 16:23:55,956 - INFO - Successfully processed word: impact 碰撞力；影响；行动
2025-09-28 16:23:58,145 - INFO - Retrying request to /chat/completions in 0.470009 seconds
2025-09-28 16:23:59,918 - INFO - HTTP Request: POST https://api.moonshot.cn/v1/chat/completions "HTTP/1.1 200 OK"
2025-09-28 16:23:59,919 - INFO - Successfully processed word: instruct 教授；指导；下命令；指示
2025-09-28 16:24:01,900 - INFO - HTTP Request: POST https://api.moonshot.cn/v1/chat/completions "HTTP/1.1 200 OK"
2025-09-28 16:24:01,901 - INFO - Successfully processed word: interfere 妨害；扰乱；介入；干涉
2025-09-28 16:24:04,913 - INFO - HTTP Request: POST https://api.moonshot.cn/v1/chat/completions "HTTP/1.1 200 OK"
2025-09-28 16:24:04,914 - INFO - Successfully processed word: pastime 娱乐；消遣
2025-09-28 16:24:06,551 - WARNING - Attempt 2 failed for word 'composer 作曲家': Request timed out.. Retrying...
2025-09-28 16:24:06,551 - INFO - Retrying request to /chat/completions in 0.925892 seconds
2025-09-28 16:24:08,147 - INFO - HTTP Request: POST https://api.moonshot.cn/v1/chat/completions "HTTP/1.1 200 OK"
2025-09-28 16:24:08,148 - INFO - Successfully processed word: protest 抗议；反对
2025-09-28 16:24:08,553 - INFO - HTTP Request: POST https://api.moonshot.cn/v1/chat/completions "HTTP/1.1 200 OK"
2025-09-28 16:24:08,554 - INFO - Successfully processed word: proceed 着手；继续进行
2025-09-28 16:24:08,709 - INFO - HTTP Request: POST https://api.moonshot.cn/v1/chat/completions "HTTP/1.1 200 OK"
2025-09-28 16:24:08,710 - INFO - Successfully processed word: reassure 使安心；使放心；使恢复信心；再保证
2025-09-28 16:24:13,629 - INFO - HTTP Request: POST https://api.moonshot.cn/v1/chat/completions "HTTP/1.1 200 OK"
2025-09-28 16:24:13,630 - INFO - Successfully processed word: involve 使卷入；牵涉；伴随（指必然结果）
2025-09-28 16:24:13,669 - INFO - Retrying request to /chat/completions in 0.764756 seconds
2025-09-28 16:24:16,839 - INFO - Retrying request to /chat/completions in 0.439264 seconds
2025-09-28 16:24:16,906 - INFO - HTTP Request: POST https://api.moonshot.cn/v1/chat/completions "HTTP/1.1 200 OK"
2025-09-28 16:24:16,907 - INFO - Successfully processed word: permit 许可证；执照 准许；许可
2025-09-28 16:24:17,410 - INFO - HTTP Request: POST https://api.moonshot.cn/v1/chat/completions "HTTP/1.1 200 OK"
2025-09-28 16:24:17,411 - INFO - Successfully processed word: merit 功劳；价值；优点
2025-09-28 16:24:21,038 - INFO - HTTP Request: POST https://api.moonshot.cn/v1/chat/completions "HTTP/1.1 200 OK"
2025-09-28 16:24:21,039 - INFO - Successfully processed word: objective 目标；客观的
2025-09-28 16:24:24,069 - WARNING - Attempt 1 failed for word 'trophy 奖品；奖杯；战利品': Request timed out.. Retrying...
2025-09-28 16:24:25,893 - INFO - HTTP Request: POST https://api.moonshot.cn/v1/chat/completions "HTTP/1.1 200 OK"
2025-09-28 16:24:25,894 - INFO - Successfully processed word: risk 风险；危险 使遭受危险；冒……的危险
2025-09-28 16:24:27,139 - INFO - Retrying request to /chat/completions in 0.867930 seconds
2025-09-28 16:24:27,469 - WARNING - Attempt 2 failed for word 'attitudes scenario 戏剧的情节': Request timed out.. Retrying...
2025-09-28 16:24:27,935 - INFO - Retrying request to /chat/completions in 0.392722 seconds
2025-09-28 16:24:30,422 - INFO - HTTP Request: POST https://api.moonshot.cn/v1/chat/completions "HTTP/1.1 200 OK"
2025-09-28 16:24:30,423 - INFO - Successfully processed word: buyout/buy out 买进全部产权或股权；收购全部
2025-09-28 16:24:31,959 - INFO - HTTP Request: POST https://api.moonshot.cn/v1/chat/completions "HTTP/1.1 200 OK"
2025-09-28 16:24:31,960 - INFO - Successfully processed word: cutback 减少；取消
2025-09-28 16:24:33,101 - INFO - HTTP Request: POST https://api.moonshot.cn/v1/chat/completions "HTTP/1.1 200 OK"
2025-09-28 16:24:33,102 - INFO - Successfully processed word: speculate 沉思；思索；猜测；推测；投机
2025-09-28 16:24:34,871 - INFO - HTTP Request: POST https://api.moonshot.cn/v1/chat/completions "HTTP/1.1 200 OK"
2025-09-28 16:24:34,872 - INFO - Successfully processed word: business development 业务拓展（）
2025-09-28 16:24:35,236 - INFO - HTTP Request: POST https://api.moonshot.cn/v1/chat/completions "HTTP/1.1 200 OK"
2025-09-28 16:24:35,237 - INFO - Successfully processed word: assurance 保证；担保；自信；把握
2025-09-28 16:24:35,662 - INFO - HTTP Request: POST https://api.moonshot.cn/v1/chat/completions "HTTP/1.1 200 OK"
2025-09-28 16:24:35,663 - INFO - Successfully processed word: submit 认输；使服从；提出
2025-09-28 16:24:36,011 - INFO - HTTP Request: POST https://api.moonshot.cn/v1/chat/completions "HTTP/1.1 200 OK"
2025-09-28 16:24:36,013 - INFO - Successfully processed word: amplify 放大；加强；扩展
2025-09-28 16:24:36,561 - INFO - HTTP Request: POST https://api.moonshot.cn/v1/chat/completions "HTTP/1.1 200 OK"
2025-09-28 16:24:36,562 - INFO - Successfully processed word: corporation 法人；公司
2025-09-28 16:24:37,534 - INFO - HTTP Request: POST https://api.moonshot.cn/v1/chat/completions "HTTP/1.1 200 OK"
2025-09-28 16:24:37,535 - INFO - Successfully processed word: enterprise 企业
2025-09-28 16:24:37,695 - INFO - Retrying request to /chat/completions in 0.377519 seconds
2025-09-28 16:24:37,716 - INFO - HTTP Request: POST https://api.moonshot.cn/v1/chat/completions "HTTP/1.1 200 OK"
2025-09-28 16:24:37,717 - INFO - Successfully processed word: acquisition 获得；习得
2025-09-28 16:24:38,300 - INFO - Retrying request to /chat/completions in 0.463532 seconds
2025-09-28 16:24:42,458 - INFO - Retrying request to /chat/completions in 0.435994 seconds
2025-09-28 16:24:42,898 - INFO - Retrying request to /chat/completions in 0.941370 seconds
2025-09-28 16:24:43,893 - INFO - HTTP Request: POST https://api.moonshot.cn/v1/chat/completions "HTTP/1.1 200 OK"
2025-09-28 16:24:43,894 - INFO - Successfully processed word: tournament 比赛；锦标赛
2025-09-28 16:24:46,289 - INFO - HTTP Request: POST https://api.moonshot.cn/v1/chat/completions "HTTP/1.1 200 OK"
2025-09-28 16:24:46,289 - INFO - Successfully processed word: equity 公平；公正；扣除抵押、税金后的剩余财?
2025-09-28 16:24:46,569 - INFO - HTTP Request: POST https://api.moonshot.cn/v1/chat/completions "HTTP/1.1 200 OK"
2025-09-28 16:24:46,570 - INFO - Successfully processed word: intensity 强度；强烈
2025-09-28 16:24:47,565 - INFO - HTTP Request: POST https://api.moonshot.cn/v1/chat/completions "HTTP/1.1 200 OK"
2025-09-28 16:24:47,566 - INFO - Successfully processed word: allocate 拨出；分配；配置
2025-09-28 16:24:47,976 - INFO - HTTP Request: POST https://api.moonshot.cn/v1/chat/completions "HTTP/1.1 200 OK"
2025-09-28 16:24:47,977 - INFO - Successfully processed word: financier 财政家；金融业者；资本家；投资者
2025-09-28 16:24:48,836 - INFO - HTTP Request: POST https://api.moonshot.cn/v1/chat/completions "HTTP/1.1 200 OK"
2025-09-28 16:24:48,837 - INFO - Successfully processed word: inspire 鼓舞；激发；引发
2025-09-28 16:24:50,696 - INFO - HTTP Request: POST https://api.moonshot.cn/v1/chat/completions "HTTP/1.1 200 OK"
2025-09-28 16:24:50,697 - INFO - Successfully processed word: launch 开办；展开；发起；开始
2025-09-28 16:24:51,523 - INFO - Retrying request to /chat/completions in 0.978082 seconds
2025-09-28 16:24:51,771 - INFO - Retrying request to /chat/completions in 0.769243 seconds
2025-09-28 16:24:52,365 - INFO - HTTP Request: POST https://api.moonshot.cn/v1/chat/completions "HTTP/1.1 200 OK"
2025-09-28 16:24:52,366 - INFO - Successfully processed word: volleyball 排球
2025-09-28 16:24:54,022 - INFO - Retrying request to /chat/completions in 0.409213 seconds
2025-09-28 16:24:55,627 - INFO - HTTP Request: POST https://api.moonshot.cn/v1/chat/completions "HTTP/1.1 200 OK"
2025-09-28 16:24:55,628 - INFO - Successfully processed word: phase 阶段
2025-09-28 16:24:55,648 - WARNING - Attempt 1 failed for word 'manipulate 操作；操纵': Request timed out.. Retrying...
2025-09-28 16:24:55,736 - INFO - HTTP Request: POST https://api.moonshot.cn/v1/chat/completions "HTTP/1.1 200 OK"
2025-09-28 16:24:55,737 - INFO - Successfully processed word: authorize 授权；委托
2025-09-28 16:24:57,325 - INFO - HTTP Request: POST https://api.moonshot.cn/v1/chat/completions "HTTP/1.1 200 OK"
2025-09-28 16:24:57,327 - INFO - Successfully processed word: applicant 申请人
2025-09-28 16:25:00,440 - INFO - Retrying request to /chat/completions in 0.843710 seconds
2025-09-28 16:25:03,884 - INFO - HTTP Request: POST https://api.moonshot.cn/v1/chat/completions "HTTP/1.1 200 OK"
2025-09-28 16:25:03,885 - INFO - Successfully processed word: composer 作曲家
2025-09-28 16:25:04,923 - INFO - Retrying request to /chat/completions in 0.382019 seconds
2025-09-28 16:25:06,227 - INFO - HTTP Request: POST https://api.moonshot.cn/v1/chat/completions "HTTP/1.1 200 OK"
2025-09-28 16:25:06,228 - INFO - Successfully processed word: capability 能力；才干；潜力；性能
2025-09-28 16:25:06,623 - INFO - HTTP Request: POST https://api.moonshot.cn/v1/chat/completions "HTTP/1.1 200 OK"
2025-09-28 16:25:06,624 - INFO - Successfully processed word: profile 侧面象；略转；引人瞩目的状态
2025-09-28 16:25:07,782 - WARNING - Attempt 1 failed for word 'prohibit 禁止；防止；阻止': Request timed out.. Retrying...
2025-09-28 16:25:08,719 - INFO - Retrying request to /chat/completions in 0.393731 seconds
2025-09-28 16:25:11,394 - INFO - HTTP Request: POST https://api.moonshot.cn/v1/chat/completions "HTTP/1.1 200 OK"
2025-09-28 16:25:11,395 - INFO - Successfully processed word: impression 意念；印象；不太明确的感觉或想法
2025-09-28 16:25:14,725 - WARNING - Attempt 1 failed for word 'referee 裁判员；仲裁者': Request timed out.. Retrying...
2025-09-28 16:25:15,006 - INFO - HTTP Request: POST https://api.moonshot.cn/v1/chat/completions "HTTP/1.1 200 OK"
2025-09-28 16:25:15,006 - INFO - Successfully processed word: collaboration 合作；通敌
2025-09-28 16:25:16,200 - INFO - HTTP Request: POST https://api.moonshot.cn/v1/chat/completions "HTTP/1.1 200 OK"
2025-09-28 16:25:16,201 - INFO - Successfully processed word: sustain 维持；持续；支撑；蒙受
2025-09-28 16:25:16,702 - INFO - HTTP Request: POST https://api.moonshot.cn/v1/chat/completions "HTTP/1.1 200 OK"
2025-09-28 16:25:16,703 - INFO - Successfully processed word: prospectus 计划书；说明书；慕股书
2025-09-28 16:25:17,425 - INFO - Retrying request to /chat/completions in 0.421748 seconds
2025-09-28 16:25:19,242 - INFO - HTTP Request: POST https://api.moonshot.cn/v1/chat/completions "HTTP/1.1 200 OK"
2025-09-28 16:25:19,243 - INFO - Successfully processed word: trophy 奖品；奖杯；战利品
2025-09-28 16:25:21,524 - INFO - HTTP Request: POST https://api.moonshot.cn/v1/chat/completions "HTTP/1.1 200 OK"
2025-09-28 16:25:21,525 - INFO - Successfully processed word: employer 雇主
2025-09-28 16:25:23,645 - INFO - HTTP Request: POST https://api.moonshot.cn/v1/chat/completions "HTTP/1.1 200 OK"
2025-09-28 16:25:23,646 - INFO - Successfully processed word: consultation 咨询；商量；商议；会议
2025-09-28 16:25:23,711 - INFO - HTTP Request: POST https://api.moonshot.cn/v1/chat/completions "HTTP/1.1 200 OK"
2025-09-28 16:25:23,712 - INFO - Successfully processed word: subsidiary 子公司
2025-09-28 16:25:25,064 - INFO - HTTP Request: POST https://api.moonshot.cn/v1/chat/completions "HTTP/1.1 200 OK"
2025-09-28 16:25:25,065 - INFO - Successfully processed word: executive 行政或管理人员
2025-09-28 16:25:26,784 - INFO - HTTP Request: POST https://api.moonshot.cn/v1/chat/completions "HTTP/1.1 200 OK"
2025-09-28 16:25:26,784 - INFO - Successfully processed word: track record 过去的记录
2025-09-28 16:25:27,412 - INFO - HTTP Request: POST https://api.moonshot.cn/v1/chat/completions "HTTP/1.1 200 OK"
2025-09-28 16:25:27,412 - INFO - HTTP Request: POST https://api.moonshot.cn/v1/chat/completions "HTTP/1.1 200 OK"
2025-09-28 16:25:27,413 - INFO - Successfully processed word: accrue 产生；增加
2025-09-28 16:25:27,416 - INFO - Successfully processed word: rival 竞争者；对手；匹敌者；势均力敌者
2025-09-28 16:25:27,611 - INFO - HTTP Request: POST https://api.moonshot.cn/v1/chat/completions "HTTP/1.1 200 OK"
2025-09-28 16:25:27,611 - INFO - Successfully processed word: verify 证明；证实；确认
2025-09-28 16:25:28,600 - INFO - HTTP Request: POST https://api.moonshot.cn/v1/chat/completions "HTTP/1.1 200 OK"
2025-09-28 16:25:28,600 - INFO - Successfully processed word: business development 业务拓展（）
2025-09-28 16:25:28,686 - INFO - Retrying request to /chat/completions in 0.851181 seconds
2025-09-28 16:25:28,733 - INFO - Retrying request to /chat/completions in 0.384788 seconds
2025-09-28 16:25:28,873 - INFO - HTTP Request: POST https://api.moonshot.cn/v1/chat/completions "HTTP/1.1 200 OK"
2025-09-28 16:25:28,874 - INFO - Successfully processed word: curriculum vitae 履历
2025-09-28 16:25:29,744 - INFO - HTTP Request: POST https://api.moonshot.cn/v1/chat/completions "HTTP/1.1 200 OK"
2025-09-28 16:25:29,744 - INFO - Successfully processed word: acquire 获得
2025-09-28 16:25:32,009 - INFO - HTTP Request: POST https://api.moonshot.cn/v1/chat/completions "HTTP/1.1 200 OK"
2025-09-28 16:25:32,010 - INFO - Successfully processed word: asset 有用的东西；优点；长处
2025-09-28 16:25:34,686 - INFO - HTTP Request: POST https://api.moonshot.cn/v1/chat/completions "HTTP/1.1 200 OK"
2025-09-28 16:25:34,687 - INFO - Successfully processed word: part-time 兼任的；兼职的
2025-09-28 16:25:35,061 - INFO - HTTP Request: POST https://api.moonshot.cn/v1/chat/completions "HTTP/1.1 200 OK"
2025-09-28 16:25:35,064 - INFO - Successfully processed word: assess 评估（财产价值）；评定
2025-09-28 16:25:35,254 - INFO - Retrying request to /chat/completions in 0.429764 seconds
2025-09-28 16:25:36,012 - INFO - HTTP Request: POST https://api.moonshot.cn/v1/chat/completions "HTTP/1.1 200 OK"
2025-09-28 16:25:36,013 - INFO - Successfully processed word: lay off （暂时）解雇
2025-09-28 16:25:36,925 - INFO - HTTP Request: POST https://api.moonshot.cn/v1/chat/completions "HTTP/1.1 200 OK"
2025-09-28 16:25:36,925 - INFO - Successfully processed word: screen 隔板；荧幕；荧光屏 感觉、情绪、态度及知
2025-09-28 16:25:37,457 - INFO - HTTP Request: POST https://api.moonshot.cn/v1/chat/completions "HTTP/1.1 200 OK"
2025-09-28 16:25:37,458 - INFO - Successfully processed word: benchmark 基准；水准点；标准
2025-09-28 16:25:41,911 - INFO - HTTP Request: POST https://api.moonshot.cn/v1/chat/completions "HTTP/1.1 200 OK"
2025-09-28 16:25:41,912 - INFO - Successfully processed word: occupation 职业
2025-09-28 16:25:43,751 - INFO - HTTP Request: POST https://api.moonshot.cn/v1/chat/completions "HTTP/1.1 200 OK"
2025-09-28 16:25:43,752 - INFO - Successfully processed word: permanent 不变的，永久的
2025-09-28 16:25:43,899 - INFO - Retrying request to /chat/completions in 0.405809 seconds
2025-09-28 16:25:45,073 - INFO - HTTP Request: POST https://api.moonshot.cn/v1/chat/completions "HTTP/1.1 200 OK"
2025-09-28 16:25:45,074 - INFO - Successfully processed word: umpire 裁判；仲裁
2025-09-28 16:25:46,298 - INFO - Retrying request to /chat/completions in 0.433574 seconds
2025-09-28 16:25:46,387 - INFO - HTTP Request: POST https://api.moonshot.cn/v1/chat/completions "HTTP/1.1 200 OK"
2025-09-28 16:25:46,388 - INFO - Successfully processed word: carry out 执行；贯彻；完成
2025-09-28 16:25:47,192 - INFO - HTTP Request: POST https://api.moonshot.cn/v1/chat/completions "HTTP/1.1 200 OK"
2025-09-28 16:25:47,194 - INFO - Successfully processed word: cut down 削减；缩短
2025-09-28 16:25:48,602 - INFO - HTTP Request: POST https://api.moonshot.cn/v1/chat/completions "HTTP/1.1 200 OK"
2025-09-28 16:25:48,603 - INFO - Successfully processed word: manipulate 操作；操纵
2025-09-28 16:25:49,512 - INFO - HTTP Request: POST https://api.moonshot.cn/v1/chat/completions "HTTP/1.1 200 OK"
2025-09-28 16:25:49,513 - INFO - Successfully processed word: exhibition 展览会；表现
2025-09-28 16:25:50,179 - INFO - HTTP Request: POST https://api.moonshot.cn/v1/chat/completions "HTTP/1.1 200 OK"
2025-09-28 16:25:50,180 - INFO - Successfully processed word: bonus 红利；额外津贴；奖金
2025-09-28 16:25:50,246 - INFO - HTTP Request: POST https://api.moonshot.cn/v1/chat/completions "HTTP/1.1 200 OK"
2025-09-28 16:25:50,247 - INFO - Successfully processed word: franchise 经销权；加盟权（想起火箭队的
2025-09-28 16:25:50,914 - INFO - HTTP Request: POST https://api.moonshot.cn/v1/chat/completions "HTTP/1.1 200 OK"
2025-09-28 16:25:50,915 - INFO - Successfully processed word: promote 升迁；促销
2025-09-28 16:25:52,785 - ERROR - Failed to process word 'medicine & insurance 医疗及保险' after 4 attempts: Request timed out.
2025-09-28 16:25:58,466 - INFO - HTTP Request: POST https://api.moonshot.cn/v1/chat/completions "HTTP/1.1 200 OK"
2025-09-28 16:25:58,467 - INFO - Successfully processed word: prohibit 禁止；防止；阻止
2025-09-28 16:25:58,525 - INFO - HTTP Request: POST https://api.moonshot.cn/v1/chat/completions "HTTP/1.1 200 OK"
2025-09-28 16:25:58,526 - INFO - Successfully processed word: entrepreneur 企业家；主办人
2025-09-28 16:25:58,786 - INFO - HTTP Request: POST https://api.moonshot.cn/v1/chat/completions "HTTP/1.1 200 OK"
2025-09-28 16:25:58,787 - INFO - Successfully processed word: embezzle 盗用；挪用；侵占（公款等）
2025-09-28 16:25:59,843 - INFO - HTTP Request: POST https://api.moonshot.cn/v1/chat/completions "HTTP/1.1 200 OK"
2025-09-28 16:25:59,845 - INFO - Successfully processed word: salary 薪水
2025-09-28 16:25:59,987 - INFO - HTTP Request: POST https://api.moonshot.cn/v1/chat/completions "HTTP/1.1 200 OK"
2025-09-28 16:25:59,988 - INFO - Successfully processed word: recruit 吸收；征募
2025-09-28 16:26:00,694 - INFO - HTTP Request: POST https://api.moonshot.cn/v1/chat/completions "HTTP/1.1 200 OK"
2025-09-28 16:26:00,695 - INFO - HTTP Request: POST https://api.moonshot.cn/v1/chat/completions "HTTP/1.1 200 OK"
2025-09-28 16:26:00,696 - INFO - Successfully processed word: monopoly 垄断；独占；专卖 （这个词考试，模?.
2025-09-28 16:26:00,698 - INFO - HTTP Request: POST https://api.moonshot.cn/v1/chat/completions "HTTP/1.1 200 OK"
2025-09-28 16:26:00,699 - INFO - Successfully processed word: resume 履历表
2025-09-28 16:26:00,699 - INFO - Successfully processed word: expand 扩张；扩大
2025-09-28 16:26:04,984 - INFO - HTTP Request: POST https://api.moonshot.cn/v1/chat/completions "HTTP/1.1 200 OK"
2025-09-28 16:26:04,985 - INFO - Successfully processed word: amateur 业余技术家；外行人；非专家
2025-09-28 16:26:05,408 - INFO - HTTP Request: POST https://api.moonshot.cn/v1/chat/completions "HTTP/1.1 200 OK"
2025-09-28 16:26:05,408 - INFO - Successfully processed word: referee 裁判员；仲裁者
2025-09-28 16:26:07,821 - INFO - HTTP Request: POST https://api.moonshot.cn/v1/chat/completions "HTTP/1.1 200 OK"
2025-09-28 16:26:07,822 - INFO - Successfully processed word: proposition 提案；建议；计划
2025-09-28 16:26:08,983 - INFO - HTTP Request: POST https://api.moonshot.cn/v1/chat/completions "HTTP/1.1 200 OK"
2025-09-28 16:26:08,984 - INFO - Successfully processed word: firm 公司；商行
2025-09-28 16:26:11,016 - INFO - HTTP Request: POST https://api.moonshot.cn/v1/chat/completions "HTTP/1.1 200 OK"
2025-09-28 16:26:11,016 - INFO - Successfully processed word: candidate 候选人
2025-09-28 16:26:13,829 - INFO - HTTP Request: POST https://api.moonshot.cn/v1/chat/completions "HTTP/1.1 200 OK"
2025-09-28 16:26:13,830 - INFO - Successfully processed word: integrate 统合；整合
2025-09-28 16:26:14,520 - INFO - HTTP Request: POST https://api.moonshot.cn/v1/chat/completions "HTTP/1.1 200 OK"
2025-09-28 16:26:14,520 - INFO - Successfully processed word: appoint 任命；指定
2025-09-28 16:26:16,419 - INFO - HTTP Request: POST https://api.moonshot.cn/v1/chat/completions "HTTP/1.1 200 OK"
2025-09-28 16:26:16,420 - INFO - Successfully processed word: benefit 有益于；受益
2025-09-28 16:26:19,631 - INFO - HTTP Request: POST https://api.moonshot.cn/v1/chat/completions "HTTP/1.1 200 OK"
2025-09-28 16:26:19,632 - INFO - Successfully processed word: prospect 期望或预见的事；展望；期望
2025-09-28 16:26:19,970 - INFO - HTTP Request: POST https://api.moonshot.cn/v1/chat/completions "HTTP/1.1 200 OK"
2025-09-28 16:26:19,971 - INFO - Successfully processed word: certificate 凭证；证书
2025-09-28 16:26:20,010 - INFO - HTTP Request: POST https://api.moonshot.cn/v1/chat/completions "HTTP/1.1 200 OK"
2025-09-28 16:26:20,011 - INFO - Successfully processed word: merger 合并；并吞
2025-09-28 16:26:20,230 - INFO - HTTP Request: POST https://api.moonshot.cn/v1/chat/completions "HTTP/1.1 200 OK"
2025-09-28 16:26:20,230 - INFO - Successfully processed word: competent 有能力的，胜任的
2025-09-28 16:26:21,425 - INFO - HTTP Request: POST https://api.moonshot.cn/v1/chat/completions "HTTP/1.1 200 OK"
2025-09-28 16:26:21,426 - INFO - Successfully processed word: prosperity 繁荣；成功；兴隆
2025-09-28 16:26:22,629 - INFO - HTTP Request: POST https://api.moonshot.cn/v1/chat/completions "HTTP/1.1 200 OK"
2025-09-28 16:26:22,630 - INFO - Successfully processed word: register⑴登记簿；注册簿 ⑵记录；注册；登记姓名
2025-09-28 16:26:22,881 - INFO - HTTP Request: POST https://api.moonshot.cn/v1/chat/completions "HTTP/1.1 200 OK"
2025-09-28 16:26:22,882 - INFO - Successfully processed word: propose 提议；建议
2025-09-28 16:26:25,081 - INFO - Retrying request to /chat/completions in 0.437058 seconds
2025-09-28 16:26:27,426 - INFO - Retrying request to /chat/completions in 0.396771 seconds
2025-09-28 16:26:29,700 - INFO - Retrying request to /chat/completions in 0.837291 seconds
2025-09-28 16:26:32,065 - INFO - HTTP Request: POST https://api.moonshot.cn/v1/chat/completions "HTTP/1.1 200 OK"
2025-09-28 16:26:32,066 - INFO - Successfully processed word: eligible 合格的，合适的
2025-09-28 16:26:32,620 - INFO - HTTP Request: POST https://api.moonshot.cn/v1/chat/completions "HTTP/1.1 200 OK"
2025-09-28 16:26:32,621 - INFO - Successfully processed word: novice 生手；新手；初学者
2025-09-28 16:26:34,381 - INFO - HTTP Request: POST https://api.moonshot.cn/v1/chat/completions "HTTP/1.1 200 OK"
2025-09-28 16:26:34,382 - INFO - Successfully processed word: expertise 专门技术或知识
2025-09-28 16:26:34,691 - INFO - Retrying request to /chat/completions in 0.463800 seconds
2025-09-28 16:26:34,830 - INFO - HTTP Request: POST https://api.moonshot.cn/v1/chat/completions "HTTP/1.1 200 OK"
2025-09-28 16:26:34,831 - INFO - Successfully processed word: overtime 超时
2025-09-28 16:26:35,067 - INFO - Retrying request to /chat/completions in 0.419043 seconds
2025-09-28 16:26:36,017 - INFO - Retrying request to /chat/completions in 0.482589 seconds
2025-09-28 16:26:36,523 - INFO - HTTP Request: POST https://api.moonshot.cn/v1/chat/completions "HTTP/1.1 200 OK"
2025-09-28 16:26:36,524 - INFO - Successfully processed word: interview 会面；面谈
2025-09-28 16:26:36,939 - INFO - Retrying request to /chat/completions in 0.390663 seconds
2025-09-28 16:26:37,224 - INFO - HTTP Request: POST https://api.moonshot.cn/v1/chat/completions "HTTP/1.1 200 OK"
2025-09-28 16:26:37,225 - INFO - Successfully processed word: evaluation 评价；估价
2025-09-28 16:26:37,465 - INFO - Retrying request to /chat/completions in 0.465808 seconds
2025-09-28 16:26:40,049 - INFO - HTTP Request: POST https://api.moonshot.cn/v1/chat/completions "HTTP/1.1 200 OK"
2025-09-28 16:26:40,049 - INFO - Successfully processed word: resign 辞职
2025-09-28 16:26:40,709 - INFO - HTTP Request: POST https://api.moonshot.cn/v1/chat/completions "HTTP/1.1 200 OK"
2025-09-28 16:26:40,710 - INFO - Successfully processed word: income 收入或所得
2025-09-28 16:26:41,326 - INFO - HTTP Request: POST https://api.moonshot.cn/v1/chat/completions "HTTP/1.1 200 OK"
2025-09-28 16:26:41,327 - INFO - Successfully processed word: affiliate 支部；分会；子公司
2025-09-28 16:26:41,926 - INFO - Retrying request to /chat/completions in 0.440314 seconds
2025-09-28 16:26:42,291 - INFO - HTTP Request: POST https://api.moonshot.cn/v1/chat/completions "HTTP/1.1 200 OK"
2025-09-28 16:26:42,291 - INFO - Successfully processed word: recommendation 推荐；推荐书；劝告
2025-09-28 16:26:45,153 - INFO - HTTP Request: POST https://api.moonshot.cn/v1/chat/completions "HTTP/1.1 200 OK"
2025-09-28 16:26:45,154 - INFO - Successfully processed word: pension 养老金；退休金
2025-09-28 16:26:50,120 - INFO - HTTP Request: POST https://api.moonshot.cn/v1/chat/completions "HTTP/1.1 200 OK"
2025-09-28 16:26:50,121 - INFO - Successfully processed word: debt 债；债务
2025-09-28 16:26:50,196 - INFO - Retrying request to /chat/completions in 0.495700 seconds
2025-09-28 16:26:50,998 - INFO - HTTP Request: POST https://api.moonshot.cn/v1/chat/completions "HTTP/1.1 200 OK"
2025-09-28 16:26:50,999 - INFO - Successfully processed word: advance 前进；进展
2025-09-28 16:26:52,000 - INFO - HTTP Request: POST https://api.moonshot.cn/v1/chat/completions "HTTP/1.1 200 OK"
2025-09-28 16:26:52,001 - INFO - Successfully processed word: substitute 代理人；代用品
2025-09-28 16:26:52,405 - INFO - HTTP Request: POST https://api.moonshot.cn/v1/chat/completions "HTTP/1.1 200 OK"
2025-09-28 16:26:52,406 - INFO - Successfully processed word: credit 信任；信用；信誉；功劳；荣誉；存款数?.
2025-09-28 16:26:52,836 - INFO - HTTP Request: POST https://api.moonshot.cn/v1/chat/completions "HTTP/1.1 200 OK"
2025-09-28 16:26:52,837 - INFO - Successfully processed word: account 帐目；帐单；帐户
2025-09-28 16:26:53,399 - INFO - HTTP Request: POST https://api.moonshot.cn/v1/chat/completions "HTTP/1.1 200 OK"
2025-09-28 16:26:53,400 - INFO - Successfully processed word: balance 余额；差额
2025-09-28 16:26:54,644 - INFO - HTTP Request: POST https://api.moonshot.cn/v1/chat/completions "HTTP/1.1 200 OK"
2025-09-28 16:26:54,645 - INFO - Successfully processed word: retire 退休
2025-09-28 16:26:55,062 - INFO - HTTP Request: POST https://api.moonshot.cn/v1/chat/completions "HTTP/1.1 200 OK"
2025-09-28 16:26:55,063 - INFO - Successfully processed word: deficit 赤字；亏损额
2025-09-28 16:26:55,294 - INFO - HTTP Request: POST https://api.moonshot.cn/v1/chat/completions "HTTP/1.1 200 OK"
2025-09-28 16:26:55,295 - INFO - Successfully processed word: component 构成要素；成分；零件
2025-09-28 16:26:56,407 - INFO - HTTP Request: POST https://api.moonshot.cn/v1/chat/completions "HTTP/1.1 200 OK"
2025-09-28 16:26:56,408 - INFO - Successfully processed word: device 装置；设备；图案；设计
2025-09-28 16:26:58,499 - INFO - HTTP Request: POST https://api.moonshot.cn/v1/chat/completions "HTTP/1.1 200 OK"
2025-09-28 16:26:58,545 - INFO - Successfully processed word: bond 债券 科技及设备
2025-09-28 16:26:58,687 - INFO - HTTP Request: POST https://api.moonshot.cn/v1/chat/completions "HTTP/1.1 200 OK"
2025-09-28 16:26:58,688 - INFO - Successfully processed word: depreciation 跌价；贬值
2025-09-28 16:26:59,990 - INFO - Retrying request to /chat/completions in 0.448027 seconds
2025-09-28 16:27:05,038 - INFO - HTTP Request: POST https://api.moonshot.cn/v1/chat/completions "HTTP/1.1 200 OK"
2025-09-28 16:27:05,039 - INFO - Successfully processed word: engineer 工程师
2025-09-28 16:27:08,241 - INFO - HTTP Request: POST https://api.moonshot.cn/v1/chat/completions "HTTP/1.1 200 OK"
2025-09-28 16:27:08,241 - INFO - Successfully processed word: facilitate 促进；使（更）容易
2025-09-28 16:27:08,524 - INFO - HTTP Request: POST https://api.moonshot.cn/v1/chat/completions "HTTP/1.1 200 OK"
2025-09-28 16:27:08,525 - INFO - Successfully processed word: fuel 燃料
2025-09-28 16:27:08,619 - INFO - HTTP Request: POST https://api.moonshot.cn/v1/chat/completions "HTTP/1.1 200 OK"
2025-09-28 16:27:08,619 - INFO - Successfully processed word: endorse 赞同；支持；签名；背书（重点，考试?.
2025-09-28 16:27:10,382 - INFO - HTTP Request: POST https://api.moonshot.cn/v1/chat/completions "HTTP/1.1 200 OK"
2025-09-28 16:27:10,383 - INFO - Successfully processed word: exempt 被免除的；豁免的
2025-09-28 16:27:11,423 - INFO - HTTP Request: POST https://api.moonshot.cn/v1/chat/completions "HTTP/1.1 200 OK"
2025-09-28 16:27:11,424 - INFO - Successfully processed word: pending 未决定的；待决定的；即将发生
2025-09-28 16:27:11,676 - INFO - HTTP Request: POST https://api.moonshot.cn/v1/chat/completions "HTTP/1.1 200 OK"
2025-09-28 16:27:11,677 - INFO - Successfully processed word: generator 发电机；产生器
2025-09-28 16:27:12,253 - INFO - HTTP Request: POST https://api.moonshot.cn/v1/chat/completions "HTTP/1.1 200 OK"
2025-09-28 16:27:12,254 - INFO - Successfully processed word: preliminary 初步的，开始的
2025-09-28 16:27:12,768 - INFO - HTTP Request: POST https://api.moonshot.cn/v1/chat/completions "HTTP/1.1 200 OK"
2025-09-28 16:27:12,768 - INFO - Successfully processed word: innovative 创新；革新的
2025-09-28 16:27:13,106 - INFO - HTTP Request: POST https://api.moonshot.cn/v1/chat/completions "HTTP/1.1 200 OK"
2025-09-28 16:27:13,107 - INFO - Successfully processed word: fluctuation 波动；起伏；涨落
2025-09-28 16:27:13,842 - INFO - Retrying request to /chat/completions in 0.377341 seconds
2025-09-28 16:27:16,436 - INFO - HTTP Request: POST https://api.moonshot.cn/v1/chat/completions "HTTP/1.1 200 OK"
2025-09-28 16:27:16,436 - INFO - Successfully processed word: expense 消耗；消费
2025-09-28 16:27:20,563 - INFO - HTTP Request: POST https://api.moonshot.cn/v1/chat/completions "HTTP/1.1 200 OK"
2025-09-28 16:27:20,564 - INFO - Successfully processed word: inventor 发明家
2025-09-28 16:27:21,099 - INFO - HTTP Request: POST https://api.moonshot.cn/v1/chat/completions "HTTP/1.1 200 OK"
2025-09-28 16:27:21,099 - INFO - Successfully processed word: leading edge 居领先优势的
2025-09-28 16:27:23,323 - INFO - HTTP Request: POST https://api.moonshot.cn/v1/chat/completions "HTTP/1.1 200 OK"
2025-09-28 16:27:23,323 - INFO - Successfully processed word: deadline 截至期限
2025-09-28 16:27:23,836 - INFO - HTTP Request: POST https://api.moonshot.cn/v1/chat/completions "HTTP/1.1 200 OK"
2025-09-28 16:27:23,837 - INFO - Successfully processed word: malfunction 故障；发生故障，机能失常
2025-09-28 16:27:25,004 - INFO - HTTP Request: POST https://api.moonshot.cn/v1/chat/completions "HTTP/1.1 200 OK"
2025-09-28 16:27:25,004 - INFO - HTTP Request: POST https://api.moonshot.cn/v1/chat/completions "HTTP/1.1 200 OK"
2025-09-28 16:27:25,005 - INFO - Successfully processed word: thrive 茂盛；兴旺；繁荣
2025-09-28 16:27:25,006 - INFO - Successfully processed word: mode 样式；模式；方式；风尚；时尚
2025-09-28 16:27:25,045 - INFO - HTTP Request: POST https://api.moonshot.cn/v1/chat/completions "HTTP/1.1 200 OK"
2025-09-28 16:27:25,046 - INFO - Successfully processed word: overdraft 透支；透支额
2025-09-28 16:27:25,943 - INFO - HTTP Request: POST https://api.moonshot.cn/v1/chat/completions "HTTP/1.1 200 OK"
2025-09-28 16:27:25,944 - INFO - Successfully processed word: attitudes scenario 戏剧的情节
2025-09-28 16:27:26,799 - INFO - HTTP Request: POST https://api.moonshot.cn/v1/chat/completions "HTTP/1.1 200 OK"
2025-09-28 16:27:26,800 - INFO - Successfully processed word: scheme 计划；设计；图谋
2025-09-28 16:27:28,028 - INFO - HTTP Request: POST https://api.moonshot.cn/v1/chat/completions "HTTP/1.1 200 OK"
2025-09-28 16:27:28,029 - INFO - Successfully processed word: inflation 物价飞涨；通货膨胀
2025-09-28 16:27:29,040 - INFO - HTTP Request: POST https://api.moonshot.cn/v1/chat/completions "HTTP/1.1 200 OK"
2025-09-28 16:27:29,040 - INFO - Successfully processed word: coordinate 协调；调整
2025-09-28 16:27:30,290 - INFO - HTTP Request: POST https://api.moonshot.cn/v1/chat/completions "HTTP/1.1 200 OK"
2025-09-28 16:27:30,291 - INFO - Successfully processed word: undervalue 低估价值；看轻
2025-09-28 16:27:30,496 - INFO - HTTP Request: POST https://api.moonshot.cn/v1/chat/completions "HTTP/1.1 200 OK"
2025-09-28 16:27:30,497 - INFO - Successfully processed word: outlet 出口；排水口；销售店；商行；插座；销路
2025-09-28 16:27:30,763 - INFO - HTTP Request: POST https://api.moonshot.cn/v1/chat/completions "HTTP/1.1 200 OK"
2025-09-28 16:27:30,763 - INFO - HTTP Request: POST https://api.moonshot.cn/v1/chat/completions "HTTP/1.1 200 OK"
2025-09-28 16:27:30,764 - INFO - Successfully processed word: revenue 收益；岁入；税收
2025-09-28 16:27:30,766 - INFO - Successfully processed word: employee 受雇者
2025-09-28 16:27:32,082 - INFO - Retrying request to /chat/completions in 0.483900 seconds
2025-09-28 16:27:36,638 - INFO - HTTP Request: POST https://api.moonshot.cn/v1/chat/completions "HTTP/1.1 200 OK"
2025-09-28 16:27:36,638 - INFO - Successfully processed word: accountant 会计师；会计员
2025-09-28 16:27:37,314 - INFO - HTTP Request: POST https://api.moonshot.cn/v1/chat/completions "HTTP/1.1 200 OK"
2025-09-28 16:27:37,315 - INFO - Successfully processed word: withdraw 收回；取回；撤回；提款
2025-09-28 16:27:37,432 - INFO - HTTP Request: POST https://api.moonshot.cn/v1/chat/completions "HTTP/1.1 200 OK"
2025-09-28 16:27:37,433 - INFO - Successfully processed word: portable 可携带的；轻便的
2025-09-28 16:27:39,359 - INFO - HTTP Request: POST https://api.moonshot.cn/v1/chat/completions "HTTP/1.1 200 OK"
2025-09-28 16:27:39,360 - INFO - Successfully processed word: specification 说明；详述
2025-09-28 16:27:39,713 - INFO - HTTP Request: POST https://api.moonshot.cn/v1/chat/completions "HTTP/1.1 200 OK"
2025-09-28 16:27:39,714 - INFO - Successfully processed word: satellite 卫星
2025-09-28 16:27:40,062 - INFO - Retrying request to /chat/completions in 0.419970 seconds
2025-09-28 16:27:40,443 - INFO - HTTP Request: POST https://api.moonshot.cn/v1/chat/completions "HTTP/1.1 200 OK"
2025-09-28 16:27:40,444 - INFO - Successfully processed word: substandard 标准以下的
2025-09-28 16:27:40,712 - INFO - Retrying request to /chat/completions in 0.379938 seconds
2025-09-28 16:27:40,966 - INFO - HTTP Request: POST https://api.moonshot.cn/v1/chat/completions "HTTP/1.1 200 OK"
2025-09-28 16:27:40,967 - INFO - Successfully processed word: stock 公债；证券；股票
2025-09-28 16:27:44,370 - INFO - HTTP Request: POST https://api.moonshot.cn/v1/chat/completions "HTTP/1.1 200 OK"
2025-09-28 16:27:44,371 - INFO - Successfully processed word: currency 货币；流通；通用
2025-09-28 16:27:47,264 - INFO - HTTP Request: POST https://api.moonshot.cn/v1/chat/completions "HTTP/1.1 200 OK"
2025-09-28 16:27:47,265 - INFO - Successfully processed word: capital 资金；资本 科技及设备
2025-09-28 16:27:48,107 - INFO - HTTP Request: POST https://api.moonshot.cn/v1/chat/completions "HTTP/1.1 200 OK"
2025-09-28 16:27:48,107 - INFO - Successfully processed word: convert 转换；改变
2025-09-28 16:27:50,938 - INFO - Retrying request to /chat/completions in 0.896802 seconds
2025-09-28 16:27:51,133 - INFO - HTTP Request: POST https://api.moonshot.cn/v1/chat/completions "HTTP/1.1 200 OK"
2025-09-28 16:27:51,134 - INFO - Successfully processed word: consecutive 连续的；连贯的
2025-09-28 16:27:51,999 - INFO - HTTP Request: POST https://api.moonshot.cn/v1/chat/completions "HTTP/1.1 200 OK"
2025-09-28 16:27:52,000 - INFO - Successfully processed word: automaton 自动操作装置；机器人
2025-09-28 16:27:52,018 - INFO - Retrying request to /chat/completions in 0.381838 seconds
2025-09-28 16:27:53,008 - INFO - HTTP Request: POST https://api.moonshot.cn/v1/chat/completions "HTTP/1.1 200 OK"
2025-09-28 16:27:53,009 - INFO - Successfully processed word: phone 移动电话；手机
2025-09-28 16:27:53,178 - INFO - HTTP Request: POST https://api.moonshot.cn/v1/chat/completions "HTTP/1.1 200 OK"
2025-09-28 16:27:53,188 - INFO - Successfully processed word: deposit 付押金；付保证金
2025-09-28 16:27:54,647 - INFO - Retrying request to /chat/completions in 0.386039 seconds
2025-09-28 16:27:58,206 - INFO - HTTP Request: POST https://api.moonshot.cn/v1/chat/completions "HTTP/1.1 200 OK"
2025-09-28 16:27:58,207 - INFO - Successfully processed word: equipment 装备；设备
2025-09-28 16:28:00,387 - INFO - HTTP Request: POST https://api.moonshot.cn/v1/chat/completions "HTTP/1.1 200 OK"
2025-09-28 16:28:00,388 - INFO - Successfully processed word: gadget 小巧的机械装置；小玩意
2025-09-28 16:28:00,439 - INFO - HTTP Request: POST https://api.moonshot.cn/v1/chat/completions "HTTP/1.1 200 OK"
2025-09-28 16:28:00,439 - INFO - Successfully processed word: facility 便利的设施；设备
2025-09-28 16:28:00,765 - INFO - Retrying request to /chat/completions in 0.751658 seconds
2025-09-28 16:28:01,485 - INFO - HTTP Request: POST https://api.moonshot.cn/v1/chat/completions "HTTP/1.1 200 OK"
2025-09-28 16:28:01,485 - INFO - Successfully processed word: deduction 扣除；扣除额
2025-09-28 16:28:04,774 - INFO - HTTP Request: POST https://api.moonshot.cn/v1/chat/completions "HTTP/1.1 200 OK"
2025-09-28 16:28:04,775 - INFO - Successfully processed word: discrepancy 差异；不同；不一致
2025-09-28 16:28:05,080 - INFO - HTTP Request: POST https://api.moonshot.cn/v1/chat/completions "HTTP/1.1 200 OK"
2025-09-28 16:28:05,081 - INFO - Successfully processed word: depression 不景气；忧伤；消沉；沮丧
2025-09-28 16:28:05,306 - INFO - HTTP Request: POST https://api.moonshot.cn/v1/chat/completions "HTTP/1.1 200 OK"
2025-09-28 16:28:05,307 - INFO - Successfully processed word: expenditure 消费；开销
2025-09-28 16:28:05,828 - INFO - HTTP Request: POST https://api.moonshot.cn/v1/chat/completions "HTTP/1.1 200 OK"
2025-09-28 16:28:05,829 - INFO - Successfully processed word: devaluation 贬值
2025-09-28 16:28:07,663 - INFO - HTTP Request: POST https://api.moonshot.cn/v1/chat/completions "HTTP/1.1 200 OK"
2025-09-28 16:28:07,664 - INFO - Successfully processed word: estimate 估计；估价
2025-09-28 16:28:09,400 - INFO - HTTP Request: POST https://api.moonshot.cn/v1/chat/completions "HTTP/1.1 200 OK"
2025-09-28 16:28:09,401 - INFO - Successfully processed word: hands-on 实地操作的；亲身体验的
2025-09-28 16:28:09,408 - INFO - HTTP Request: POST https://api.moonshot.cn/v1/chat/completions "HTTP/1.1 200 OK"
2025-09-28 16:28:09,409 - INFO - Successfully processed word: laboratory 实验室
2025-09-28 16:28:10,387 - INFO - Retrying request to /chat/completions in 0.435433 seconds
2025-09-28 16:28:11,920 - INFO - HTTP Request: POST https://api.moonshot.cn/v1/chat/completions "HTTP/1.1 200 OK"
2025-09-28 16:28:11,921 - INFO - Successfully processed word: manual 使用手册，指南；手工的
2025-09-28 16:28:12,699 - INFO - HTTP Request: POST https://api.moonshot.cn/v1/chat/completions "HTTP/1.1 200 OK"
2025-09-28 16:28:12,700 - INFO - Successfully processed word: overdue 过期未付的
2025-09-28 16:28:12,900 - INFO - HTTP Request: POST https://api.moonshot.cn/v1/chat/completions "HTTP/1.1 200 OK"
2025-09-28 16:28:12,901 - INFO - Successfully processed word: holding 土地；财产（常用复数）
2025-09-28 16:28:12,993 - INFO - HTTP Request: POST https://api.moonshot.cn/v1/chat/completions "HTTP/1.1 200 OK"
2025-09-28 16:28:12,995 - INFO - Successfully processed word: shareholder 股东
2025-09-28 16:28:14,428 - INFO - HTTP Request: POST https://api.moonshot.cn/v1/chat/completions "HTTP/1.1 200 OK"
2025-09-28 16:28:14,429 - INFO - Successfully processed word: fund 基金；专款
2025-09-28 16:28:16,470 - INFO - HTTP Request: POST https://api.moonshot.cn/v1/chat/completions "HTTP/1.1 200 OK"
2025-09-28 16:28:16,471 - INFO - Successfully processed word: ledger 总帐；分类帐
2025-09-28 16:28:16,856 - INFO - HTTP Request: POST https://api.moonshot.cn/v1/chat/completions "HTTP/1.1 200 OK"
2025-09-28 16:28:16,856 - INFO - Successfully processed word: inspect 检查；审查；视察
2025-09-28 16:28:18,861 - INFO - HTTP Request: POST https://api.moonshot.cn/v1/chat/completions "HTTP/1.1 200 OK"
2025-09-28 16:28:18,861 - INFO - Successfully processed word: outage 电力中断；断电
2025-09-28 16:28:19,212 - INFO - HTTP Request: POST https://api.moonshot.cn/v1/chat/completions "HTTP/1.1 200 OK"
2025-09-28 16:28:19,213 - INFO - Successfully processed word: network 网络系统；广播、电视网；电脑网
2025-09-28 16:28:19,274 - INFO - HTTP Request: POST https://api.moonshot.cn/v1/chat/completions "HTTP/1.1 200 OK"
2025-09-28 16:28:19,275 - INFO - Successfully processed word: maintenance 维护；保养
2025-09-28 16:28:22,810 - INFO - HTTP Request: POST https://api.moonshot.cn/v1/chat/completions "HTTP/1.1 200 OK"
2025-09-28 16:28:22,810 - INFO - Successfully processed word: petroleum 石油
2025-09-28 16:28:23,329 - INFO - Retrying request to /chat/completions in 0.443327 seconds
2025-09-28 16:28:23,367 - INFO - HTTP Request: POST https://api.moonshot.cn/v1/chat/completions "HTTP/1.1 200 OK"
2025-09-28 16:28:23,368 - INFO - Successfully processed word: gross 总共的；全部的
2025-09-28 16:28:25,051 - INFO - HTTP Request: POST https://api.moonshot.cn/v1/chat/completions "HTTP/1.1 200 OK"
2025-09-28 16:28:25,052 - INFO - Successfully processed word: remuneration 报酬；酬劳
2025-09-28 16:28:26,151 - INFO - HTTP Request: POST https://api.moonshot.cn/v1/chat/completions "HTTP/1.1 200 OK"
2025-09-28 16:28:26,152 - INFO - Successfully processed word: turn down 关小（声）
2025-09-28 16:28:28,945 - INFO - HTTP Request: POST https://api.moonshot.cn/v1/chat/completions "HTTP/1.1 200 OK"
2025-09-28 16:28:28,946 - INFO - Successfully processed word: solar (源自)太阳的；依太阳而运行的
2025-09-28 16:28:29,120 - INFO - HTTP Request: POST https://api.moonshot.cn/v1/chat/completions "HTTP/1.1 200 OK"
2025-09-28 16:28:29,121 - INFO - Successfully processed word: yield 生产量；收益生产；产生
2025-09-28 16:28:30,161 - INFO - HTTP Request: POST https://api.moonshot.cn/v1/chat/completions "HTTP/1.1 200 OK"
2025-09-28 16:28:30,161 - INFO - Successfully processed word: reverse 相反的；颠倒的
2025-09-28 16:28:30,509 - INFO - HTTP Request: POST https://api.moonshot.cn/v1/chat/completions "HTTP/1.1 200 OK"
2025-09-28 16:28:30,510 - INFO - Successfully processed word: static 静电干扰；静止的；静态的；静电的
2025-09-28 16:28:32,372 - INFO - HTTP Request: POST https://api.moonshot.cn/v1/chat/completions "HTTP/1.1 200 OK"
2025-09-28 16:28:32,373 - INFO - Successfully processed word: profit 利润；收益；营利
2025-09-28 16:28:34,846 - INFO - HTTP Request: POST https://api.moonshot.cn/v1/chat/completions "HTTP/1.1 200 OK"
2025-09-28 16:28:34,847 - INFO - Successfully processed word: stockbroker 证券和股票经纪人
2025-09-28 16:28:37,316 - INFO - HTTP Request: POST https://api.moonshot.cn/v1/chat/completions "HTTP/1.1 200 OK"
2025-09-28 16:28:37,317 - INFO - Successfully processed word: commerce 贸易
2025-09-28 16:28:37,423 - INFO - HTTP Request: POST https://api.moonshot.cn/v1/chat/completions "HTTP/1.1 200 OK"
2025-09-28 16:28:37,423 - INFO - Successfully processed word: raw material 原料
2025-09-28 16:28:37,437 - INFO - Retrying request to /chat/completions in 0.407467 seconds
2025-09-28 16:28:37,994 - INFO - HTTP Request: POST https://api.moonshot.cn/v1/chat/completions "HTTP/1.1 200 OK"
2025-09-28 16:28:37,994 - INFO - Successfully processed word: competitor 竞争者；对手 电脑
2025-09-28 16:28:39,701 - INFO - HTTP Request: POST https://api.moonshot.cn/v1/chat/completions "HTTP/1.1 200 OK"
2025-09-28 16:28:39,701 - INFO - Successfully processed word: personnel 全体人员；人事部门
2025-09-28 16:28:39,760 - INFO - HTTP Request: POST https://api.moonshot.cn/v1/chat/completions "HTTP/1.1 200 OK"
2025-09-28 16:28:39,761 - INFO - Successfully processed word: access 进入；接近；使用；取得
2025-09-28 16:28:40,530 - INFO - HTTP Request: POST https://api.moonshot.cn/v1/chat/completions "HTTP/1.1 200 OK"
2025-09-28 16:28:40,531 - INFO - Successfully processed word: operate 操作；运转；经营
2025-09-28 16:28:41,426 - INFO - HTTP Request: POST https://api.moonshot.cn/v1/chat/completions "HTTP/1.1 200 OK"
2025-09-28 16:28:41,427 - INFO - Successfully processed word: automatically 无意识的；不自觉的；自动的
2025-09-28 16:28:42,032 - INFO - HTTP Request: POST https://api.moonshot.cn/v1/chat/completions "HTTP/1.1 200 OK"
2025-09-28 16:28:42,033 - INFO - Successfully processed word: bid 出价；投标；喊价
2025-09-28 16:28:43,121 - INFO - HTTP Request: POST https://api.moonshot.cn/v1/chat/completions "HTTP/1.1 200 OK"
2025-09-28 16:28:43,121 - INFO - Successfully processed word: consolidate 结合；合并；强化；巩固
2025-09-28 16:28:43,135 - INFO - HTTP Request: POST https://api.moonshot.cn/v1/chat/completions "HTTP/1.1 200 OK"
2025-09-28 16:28:43,136 - INFO - Successfully processed word: commercial 商业化；商用的；营利的
2025-09-28 16:28:46,006 - INFO - HTTP Request: POST https://api.moonshot.cn/v1/chat/completions "HTTP/1.1 200 OK"
2025-09-28 16:28:46,007 - INFO - Successfully processed word: delete 删除
2025-09-28 16:28:46,032 - INFO - HTTP Request: POST https://api.moonshot.cn/v1/chat/completions "HTTP/1.1 200 OK"
2025-09-28 16:28:46,032 - INFO - Successfully processed word: cutting edge 尖刻；尖锐；先锋地位 尖端的
2025-09-28 16:28:47,828 - INFO - HTTP Request: POST https://api.moonshot.cn/v1/chat/completions "HTTP/1.1 200 OK"
2025-09-28 16:28:47,829 - INFO - Successfully processed word: bankrupt 破产的；倒闭的
2025-09-28 16:28:47,836 - INFO - HTTP Request: POST https://api.moonshot.cn/v1/chat/completions "HTTP/1.1 200 OK"
2025-09-28 16:28:47,837 - INFO - Successfully processed word: cable 缆线；电缆
2025-09-28 16:28:52,771 - INFO - HTTP Request: POST https://api.moonshot.cn/v1/chat/completions "HTTP/1.1 200 OK"
2025-09-28 16:28:52,772 - INFO - Successfully processed word: earnings 薪水；工资；收益
2025-09-28 16:28:55,452 - INFO - HTTP Request: POST https://api.moonshot.cn/v1/chat/completions "HTTP/1.1 200 OK"
2025-09-28 16:28:55,453 - INFO - Successfully processed word: debit 借方；借项
2025-09-28 16:28:56,127 - INFO - HTTP Request: POST https://api.moonshot.cn/v1/chat/completions "HTTP/1.1 200 OK"
2025-09-28 16:28:56,128 - INFO - Successfully processed word: credible 可信的；可靠的
2025-09-28 16:28:56,352 - INFO - HTTP Request: POST https://api.moonshot.cn/v1/chat/completions "HTTP/1.1 200 OK"
2025-09-28 16:28:56,353 - INFO - Successfully processed word: export 输出；出口
2025-09-28 16:28:58,213 - INFO - Retrying request to /chat/completions in 0.379677 seconds
2025-09-28 16:28:58,863 - INFO - HTTP Request: POST https://api.moonshot.cn/v1/chat/completions "HTTP/1.1 200 OK"
2025-09-28 16:28:58,864 - INFO - Successfully processed word: long-range 长期的；远程的
2025-09-28 16:28:59,086 - INFO - HTTP Request: POST https://api.moonshot.cn/v1/chat/completions "HTTP/1.1 200 OK"
2025-09-28 16:28:59,086 - INFO - Successfully processed word: devise 设计；发明；策划
2025-09-28 16:29:00,364 - INFO - HTTP Request: POST https://api.moonshot.cn/v1/chat/completions "HTTP/1.1 200 OK"
2025-09-28 16:29:00,364 - INFO - Successfully processed word: compliance 顺从；服从；附和；屈从
2025-09-28 16:29:00,447 - INFO - Retrying request to /chat/completions in 0.460260 seconds
2025-09-28 16:29:00,776 - INFO - HTTP Request: POST https://api.moonshot.cn/v1/chat/completions "HTTP/1.1 200 OK"
2025-09-28 16:29:00,776 - INFO - Successfully processed word: internet 国际互联网
2025-09-28 16:29:01,027 - INFO - HTTP Request: POST https://api.moonshot.cn/v1/chat/completions "HTTP/1.1 200 OK"
2025-09-28 16:29:01,028 - INFO - HTTP Request: POST https://api.moonshot.cn/v1/chat/completions "HTTP/1.1 200 OK"
2025-09-28 16:29:01,029 - INFO - Successfully processed word: download 下载
2025-09-28 16:29:01,030 - INFO - Successfully processed word: import 输入；进口
2025-09-28 16:29:01,750 - WARNING - Attempt 1 failed for word 'chamber of commerce 商会': Request timed out.. Retrying...
2025-09-28 16:29:02,446 - INFO - HTTP Request: POST https://api.moonshot.cn/v1/chat/completions "HTTP/1.1 200 OK"
2025-09-28 16:29:02,447 - INFO - Successfully processed word: haggle 讨价还价
2025-09-28 16:29:03,379 - INFO - HTTP Request: POST https://api.moonshot.cn/v1/chat/completions "HTTP/1.1 200 OK"
2025-09-28 16:29:03,380 - INFO - Successfully processed word: input 输入电脑
2025-09-28 16:29:06,189 - INFO - HTTP Request: POST https://api.moonshot.cn/v1/chat/completions "HTTP/1.1 200 OK"
2025-09-28 16:29:06,189 - INFO - Successfully processed word: laptop 笔记本电脑
2025-09-28 16:29:06,262 - INFO - HTTP Request: POST https://api.moonshot.cn/v1/chat/completions "HTTP/1.1 200 OK"
2025-09-28 16:29:06,262 - INFO - Successfully processed word: digital 数位的；数字显示的
2025-09-28 16:29:07,084 - INFO - HTTP Request: POST https://api.moonshot.cn/v1/chat/completions "HTTP/1.1 200 OK"
2025-09-28 16:29:07,085 - INFO - Successfully processed word: fiscal 财政的；会计的
2025-09-28 16:29:07,561 - INFO - HTTP Request: POST https://api.moonshot.cn/v1/chat/completions "HTTP/1.1 200 OK"
2025-09-28 16:29:07,561 - INFO - Successfully processed word: payment 支付；付款
2025-09-28 16:29:07,843 - INFO - HTTP Request: POST https://api.moonshot.cn/v1/chat/completions "HTTP/1.1 200 OK"
2025-09-28 16:29:07,844 - INFO - Successfully processed word: invoice 发票；发货清单；完成工作的清单（明?
2025-09-28 16:29:08,806 - INFO - HTTP Request: POST https://api.moonshot.cn/v1/chat/completions "HTTP/1.1 200 OK"
2025-09-28 16:29:08,806 - INFO - Successfully processed word: hacker 热衷电脑的人，黑客
2025-09-28 16:29:10,347 - INFO - HTTP Request: POST https://api.moonshot.cn/v1/chat/completions "HTTP/1.1 200 OK"
2025-09-28 16:29:10,348 - INFO - Successfully processed word: quote 报价
2025-09-28 16:29:14,722 - INFO - HTTP Request: POST https://api.moonshot.cn/v1/chat/completions "HTTP/1.1 200 OK"
2025-09-28 16:29:14,722 - INFO - Successfully processed word: retrieval 取回；恢复
2025-09-28 16:29:15,367 - INFO - HTTP Request: POST https://api.moonshot.cn/v1/chat/completions "HTTP/1.1 200 OK"
2025-09-28 16:29:15,368 - INFO - Successfully processed word: shut down 使关闭；使停业
2025-09-28 16:29:19,288 - INFO - Retrying request to /chat/completions in 0.382812 seconds
2025-09-28 16:29:21,019 - INFO - HTTP Request: POST https://api.moonshot.cn/v1/chat/completions "HTTP/1.1 200 OK"
2025-09-28 16:29:21,020 - INFO - Successfully processed word: up-to-date 最近的；最新的
2025-09-28 16:29:21,737 - INFO - HTTP Request: POST https://api.moonshot.cn/v1/chat/completions "HTTP/1.1 200 OK"
2025-09-28 16:29:21,738 - INFO - Successfully processed word: procedure 程序；手续
2025-09-28 16:29:22,030 - INFO - HTTP Request: POST https://api.moonshot.cn/v1/chat/completions "HTTP/1.1 200 OK"
2025-09-28 16:29:22,030 - INFO - Successfully processed word: supply 供应品；供应物；库存
2025-09-28 16:29:22,039 - INFO - HTTP Request: POST https://api.moonshot.cn/v1/chat/completions "HTTP/1.1 200 OK"
2025-09-28 16:29:22,040 - INFO - Successfully processed word: tariff 关税
2025-09-28 16:29:22,277 - INFO - HTTP Request: POST https://api.moonshot.cn/v1/chat/completions "HTTP/1.1 200 OK"
2025-09-28 16:29:22,278 - INFO - Successfully processed word: search engine 搜索引擎
2025-09-28 16:29:22,837 - INFO - HTTP Request: POST https://api.moonshot.cn/v1/chat/completions "HTTP/1.1 200 OK"
2025-09-28 16:29:22,837 - INFO - Successfully processed word: state-of-the-art 使用最先进技术的；达到最高水准的
2025-09-28 16:29:23,679 - INFO - HTTP Request: POST https://api.moonshot.cn/v1/chat/completions "HTTP/1.1 200 OK"
2025-09-28 16:29:23,680 - INFO - Successfully processed word: consignee 收件人；受托人
2025-09-28 16:29:25,054 - INFO - Retrying request to /chat/completions in 0.384554 seconds
2025-09-28 16:29:25,898 - INFO - HTTP Request: POST https://api.moonshot.cn/v1/chat/completions "HTTP/1.1 200 OK"
2025-09-28 16:29:25,899 - INFO - Successfully processed word: browse 浏览；随便翻阅
2025-09-28 16:29:27,754 - INFO - HTTP Request: POST https://api.moonshot.cn/v1/chat/completions "HTTP/1.1 200 OK"
2025-09-28 16:29:27,755 - INFO - Successfully processed word: troubleshooting 检修；解决困难的
2025-09-28 16:29:30,009 - INFO - HTTP Request: POST https://api.moonshot.cn/v1/chat/completions "HTTP/1.1 200 OK"
2025-09-28 16:29:30,009 - INFO - Successfully processed word: contractor 立契约人；承包商
2025-09-28 16:29:30,162 - INFO - HTTP Request: POST https://api.moonshot.cn/v1/chat/completions "HTTP/1.1 200 OK"
2025-09-28 16:29:30,164 - INFO - Successfully processed word: commodity 商品；农产品 电脑
2025-09-28 16:29:31,436 - INFO - HTTP Request: POST https://api.moonshot.cn/v1/chat/completions "HTTP/1.1 200 OK"
2025-09-28 16:29:31,437 - INFO - Successfully processed word: bill of lading 提货单
2025-09-28 16:29:32,033 - INFO - HTTP Request: POST https://api.moonshot.cn/v1/chat/completions "HTTP/1.1 200 OK"
2025-09-28 16:29:32,033 - INFO - Successfully processed word: activate 使活动；触发；激活
2025-09-28 16:29:34,077 - INFO - HTTP Request: POST https://api.moonshot.cn/v1/chat/completions "HTTP/1.1 200 OK"
2025-09-28 16:29:34,078 - INFO - Successfully processed word: cost-effective 符合成本效益的
2025-09-28 16:29:34,861 - INFO - Retrying request to /chat/completions in 0.496603 seconds
2025-09-28 16:29:35,062 - INFO - HTTP Request: POST https://api.moonshot.cn/v1/chat/completions "HTTP/1.1 200 OK"
2025-09-28 16:29:35,062 - INFO - Successfully processed word: configuration 结构；构造；配置
2025-09-28 16:29:37,428 - INFO - Retrying request to /chat/completions in 0.394276 seconds
2025-09-28 16:29:38,789 - INFO - HTTP Request: POST https://api.moonshot.cn/v1/chat/completions "HTTP/1.1 200 OK"
2025-09-28 16:29:38,789 - INFO - Successfully processed word: due 应付的；到期的；该发生的
2025-09-28 16:29:39,575 - INFO - HTTP Request: POST https://api.moonshot.cn/v1/chat/completions "HTTP/1.1 200 OK"
2025-09-28 16:29:39,576 - INFO - Successfully processed word: database 数据库
2025-09-28 16:29:40,200 - INFO - HTTP Request: POST https://api.moonshot.cn/v1/chat/completions "HTTP/1.1 200 OK"
2025-09-28 16:29:40,201 - INFO - Successfully processed word: desktop 桌上型的
2025-09-28 16:29:40,996 - INFO - HTTP Request: POST https://api.moonshot.cn/v1/chat/completions "HTTP/1.1 200 OK"
2025-09-28 16:29:40,997 - INFO - Successfully processed word: command 指令；命令；掌握
2025-09-28 16:29:42,066 - INFO - HTTP Request: POST https://api.moonshot.cn/v1/chat/completions "HTTP/1.1 200 OK"
2025-09-28 16:29:42,067 - INFO - Successfully processed word: install 安装；安置
2025-09-28 16:29:42,481 - INFO - HTTP Request: POST https://api.moonshot.cn/v1/chat/completions "HTTP/1.1 200 OK"
2025-09-28 16:29:42,481 - INFO - Successfully processed word: dealer 商人；业者
2025-09-28 16:29:43,125 - INFO - Retrying request to /chat/completions in 0.425240 seconds
2025-09-28 16:29:44,244 - INFO - HTTP Request: POST https://api.moonshot.cn/v1/chat/completions "HTTP/1.1 200 OK"
2025-09-28 16:29:44,245 - INFO - Successfully processed word: downgrade 降级；使降职
2025-09-28 16:29:45,911 - INFO - HTTP Request: POST https://api.moonshot.cn/v1/chat/completions "HTTP/1.1 200 OK"
2025-09-28 16:29:45,971 - INFO - Successfully processed word: endorse 背书；支持；赞同
2025-09-28 16:29:47,322 - INFO - HTTP Request: POST https://api.moonshot.cn/v1/chat/completions "HTTP/1.1 200 OK"
2025-09-28 16:29:47,323 - INFO - Successfully processed word: forward 送到，转号
2025-09-28 16:29:48,113 - INFO - HTTP Request: POST https://api.moonshot.cn/v1/chat/completions "HTTP/1.1 200 OK"
2025-09-28 16:29:48,113 - INFO - Successfully processed word: hyperlink 超链接
2025-09-28 16:29:49,200 - INFO - HTTP Request: POST https://api.moonshot.cn/v1/chat/completions "HTTP/1.1 200 OK"
2025-09-28 16:29:49,201 - INFO - Successfully processed word: contract 契约；合同
2025-09-28 16:29:49,340 - INFO - HTTP Request: POST https://api.moonshot.cn/v1/chat/completions "HTTP/1.1 200 OK"
2025-09-28 16:29:49,341 - INFO - Successfully processed word: chamber of commerce 商会
2025-09-28 16:29:51,908 - INFO - HTTP Request: POST https://api.moonshot.cn/v1/chat/completions "HTTP/1.1 200 OK"
2025-09-28 16:29:51,909 - INFO - Successfully processed word: headquarters 总公司；总部；司令部
2025-09-28 16:29:52,982 - INFO - HTTP Request: POST https://api.moonshot.cn/v1/chat/completions "HTTP/1.1 200 OK"
2025-09-28 16:29:52,983 - INFO - Successfully processed word: know-how 技能；专业知识；窍门
2025-09-28 16:29:56,355 - INFO - HTTP Request: POST https://api.moonshot.cn/v1/chat/completions "HTTP/1.1 200 OK"
2025-09-28 16:29:56,355 - INFO - Successfully processed word: omit 忽略；删除；疏忽
2025-09-28 16:29:58,059 - INFO - HTTP Request: POST https://api.moonshot.cn/v1/chat/completions "HTTP/1.1 200 OK"
2025-09-28 16:29:58,060 - INFO - Successfully processed word: inventory 详细目录；清单；存货
2025-09-28 16:29:59,592 - INFO - HTTP Request: POST https://api.moonshot.cn/v1/chat/completions "HTTP/1.1 200 OK"
2025-09-28 16:29:59,593 - INFO - Successfully processed word: quota 定量；定额；配额
2025-09-28 16:30:00,384 - INFO - HTTP Request: POST https://api.moonshot.cn/v1/chat/completions "HTTP/1.1 200 OK"
2025-09-28 16:30:00,385 - INFO - Successfully processed word: shipment 一批货
2025-09-28 16:30:00,784 - INFO - Retrying request to /chat/completions in 0.409556 seconds
2025-09-28 16:30:01,287 - INFO - Retrying request to /chat/completions in 0.900751 seconds
2025-09-28 16:30:02,069 - INFO - HTTP Request: POST https://api.moonshot.cn/v1/chat/completions "HTTP/1.1 200 OK"
2025-09-28 16:30:02,070 - INFO - Successfully processed word: patent 专利；取得…的专利
2025-09-28 16:30:04,604 - INFO - HTTP Request: POST https://api.moonshot.cn/v1/chat/completions "HTTP/1.1 200 OK"
2025-09-28 16:30:04,605 - INFO - Successfully processed word: scanner 扫描仪
2025-09-28 16:30:05,969 - INFO - HTTP Request: POST https://api.moonshot.cn/v1/chat/completions "HTTP/1.1 200 OK"
2025-09-28 16:30:05,969 - INFO - Successfully processed word: order 汇单;订货；订单；汇票
2025-09-28 16:30:06,062 - INFO - HTTP Request: POST https://api.moonshot.cn/v1/chat/completions "HTTP/1.1 200 OK"
2025-09-28 16:30:06,062 - INFO - Successfully processed word: modern 调制解调器
2025-09-28 16:30:06,204 - INFO - Retrying request to /chat/completions in 0.478894 seconds
2025-09-28 16:30:06,537 - INFO - HTTP Request: POST https://api.moonshot.cn/v1/chat/completions "HTTP/1.1 200 OK"
2025-09-28 16:30:06,538 - INFO - Successfully processed word: trademark 注册商标
2025-09-28 16:30:08,320 - INFO - HTTP Request: POST https://api.moonshot.cn/v1/chat/completions "HTTP/1.1 200 OK"
2025-09-28 16:30:08,320 - INFO - Successfully processed word: surplus ()过剩的量；盈余()过剩的；剩余的
2025-09-28 16:30:12,880 - INFO - HTTP Request: POST https://api.moonshot.cn/v1/chat/completions "HTTP/1.1 200 OK"
2025-09-28 16:30:12,880 - INFO - Successfully processed word: spreadsheet 电子制表软件；电子表格
2025-09-28 16:30:13,211 - INFO - HTTP Request: POST https://api.moonshot.cn/v1/chat/completions "HTTP/1.1 200 OK"
2025-09-28 16:30:13,212 - INFO - Successfully processed word: switch 开关；骤变
2025-09-28 16:30:14,229 - INFO - HTTP Request: POST https://api.moonshot.cn/v1/chat/completions "HTTP/1.1 200 OK"
2025-09-28 16:30:14,230 - INFO - Successfully processed word: multimedia 多媒体
2025-09-28 16:30:15,422 - INFO - HTTP Request: POST https://api.moonshot.cn/v1/chat/completions "HTTP/1.1 200 OK"
2025-09-28 16:30:15,510 - INFO - Successfully processed word: server 服务器
2025-09-28 16:30:16,012 - INFO - HTTP Request: POST https://api.moonshot.cn/v1/chat/completions "HTTP/1.1 200 OK"
2025-09-28 16:30:16,012 - INFO - Successfully processed word: warehouse 仓库；货价；大商店
2025-09-28 16:30:16,436 - INFO - HTTP Request: POST https://api.moonshot.cn/v1/chat/completions "HTTP/1.1 200 OK"
2025-09-28 16:30:16,437 - INFO - Successfully processed word: upgrade 升级；提升
2025-09-28 16:30:18,687 - INFO - HTTP Request: POST https://api.moonshot.cn/v1/chat/completions "HTTP/1.1 200 OK"
2025-09-28 16:30:18,688 - INFO - Successfully processed word: transmission 传输；传送
2025-09-28 16:30:19,104 - INFO - HTTP Request: POST https://api.moonshot.cn/v1/chat/completions "HTTP/1.1 200 OK"
2025-09-28 16:30:19,104 - INFO - Successfully processed word: virus 滤过性病毒；电脑病毒
2025-09-28 16:30:19,963 - INFO - Retrying request to /chat/completions in 0.892592 seconds
2025-09-28 16:30:19,974 - INFO - HTTP Request: POST https://api.moonshot.cn/v1/chat/completions "HTTP/1.1 200 OK"
2025-09-28 16:30:19,975 - INFO - Successfully processed word: adjourn 暂时；休会；延期
2025-09-28 16:30:20,741 - INFO - HTTP Request: POST https://api.moonshot.cn/v1/chat/completions "HTTP/1.1 200 OK"
2025-09-28 16:30:20,742 - INFO - Successfully processed word: amendment 修正
2025-09-28 16:30:21,990 - INFO - HTTP Request: POST https://api.moonshot.cn/v1/chat/completions "HTTP/1.1 200 OK"
2025-09-28 16:30:21,990 - INFO - Successfully processed word: agreement 同意；协定
2025-09-28 16:30:23,168 - INFO - HTTP Request: POST https://api.moonshot.cn/v1/chat/completions "HTTP/1.1 200 OK"
2025-09-28 16:30:23,169 - INFO - Successfully processed word: negotiation 商务会议及谈判
2025-09-28 16:30:23,311 - INFO - HTTP Request: POST https://api.moonshot.cn/v1/chat/completions "HTTP/1.1 200 OK"
2025-09-28 16:30:23,312 - INFO - Successfully processed word: voucher 保证人；凭证；凭单；折价券
2025-09-28 16:30:26,322 - INFO - HTTP Request: POST https://api.moonshot.cn/v1/chat/completions "HTTP/1.1 200 OK"
2025-09-28 16:30:26,323 - INFO - Successfully processed word: approval 赞成；同意
2025-09-28 16:30:27,788 - INFO - HTTP Request: POST https://api.moonshot.cn/v1/chat/completions "HTTP/1.1 200 OK"
2025-09-28 16:30:27,789 - INFO - Successfully processed word: advertisement 广告
2025-09-28 16:30:29,048 - INFO - HTTP Request: POST https://api.moonshot.cn/v1/chat/completions "HTTP/1.1 200 OK"
2025-09-28 16:30:29,048 - INFO - Successfully processed word: board 理事会；委员会；董事会
2025-09-28 16:30:30,024 - INFO - Retrying request to /chat/completions in 0.497588 seconds
2025-09-28 16:30:31,232 - INFO - HTTP Request: POST https://api.moonshot.cn/v1/chat/completions "HTTP/1.1 200 OK"
2025-09-28 16:30:31,233 - INFO - Successfully processed word: appendix 附录
2025-09-28 16:30:31,821 - INFO - HTTP Request: POST https://api.moonshot.cn/v1/chat/completions "HTTP/1.1 200 OK"
2025-09-28 16:30:31,822 - INFO - Successfully processed word: attach 贴上；附上；附加
2025-09-28 16:30:31,903 - INFO - HTTP Request: POST https://api.moonshot.cn/v1/chat/completions "HTTP/1.1 200 OK"
2025-09-28 16:30:31,904 - INFO - Successfully processed word: campaign 战役；竞选活动；宣传活动
2025-09-28 16:30:32,634 - INFO - HTTP Request: POST https://api.moonshot.cn/v1/chat/completions "HTTP/1.1 200 OK"
2025-09-28 16:30:32,635 - INFO - Successfully processed word: attentive 注意的；留心的专心的
2025-09-28 16:30:38,052 - INFO - Retrying request to /chat/completions in 0.787156 seconds
2025-09-28 16:30:39,999 - INFO - HTTP Request: POST https://api.moonshot.cn/v1/chat/completions "HTTP/1.1 200 OK"
2025-09-28 16:30:39,999 - INFO - Successfully processed word: concede 容忍；容许；让步
2025-09-28 16:30:41,049 - INFO - HTTP Request: POST https://api.moonshot.cn/v1/chat/completions "HTTP/1.1 200 OK"
2025-09-28 16:30:41,125 - INFO - Successfully processed word: cohesive 有粘着力的；有结合力的；凝聚性的
2025-09-28 16:30:41,884 - INFO - HTTP Request: POST https://api.moonshot.cn/v1/chat/completions "HTTP/1.1 200 OK"
2025-09-28 16:30:41,885 - INFO - Successfully processed word: correspondence 通信；信件
2025-09-28 16:30:43,512 - INFO - HTTP Request: POST https://api.moonshot.cn/v1/chat/completions "HTTP/1.1 200 OK"
2025-09-28 16:30:43,512 - INFO - Successfully processed word: consumer 消费者；顾客
2025-09-28 16:30:44,260 - INFO - Retrying request to /chat/completions in 0.457990 seconds
2025-09-28 16:30:44,369 - INFO - HTTP Request: POST https://api.moonshot.cn/v1/chat/completions "HTTP/1.1 200 OK"
2025-09-28 16:30:44,370 - INFO - Successfully processed word: convince 使信服
2025-09-28 16:30:46,390 - INFO - HTTP Request: POST https://api.moonshot.cn/v1/chat/completions "HTTP/1.1 200 OK"
2025-09-28 16:30:46,390 - INFO - Successfully processed word: convention 惯例；常规；习俗；会议；
2025-09-28 16:30:46,618 - INFO - HTTP Request: POST https://api.moonshot.cn/v1/chat/completions "HTTP/1.1 200 OK"
2025-09-28 16:30:46,619 - INFO - Successfully processed word: dictate 口述；支配；命令
2025-09-28 16:30:48,125 - INFO - Retrying request to /chat/completions in 0.388758 seconds
2025-09-28 16:30:48,365 - INFO - HTTP Request: POST https://api.moonshot.cn/v1/chat/completions "HTTP/1.1 200 OK"
2025-09-28 16:30:48,366 - INFO - Successfully processed word: conference 会议；协商；讨论会
2025-09-28 16:30:50,021 - INFO - HTTP Request: POST https://api.moonshot.cn/v1/chat/completions "HTTP/1.1 200 OK"
2025-09-28 16:30:50,022 - INFO - Successfully processed word: floppy(disk) 软盘
2025-09-28 16:30:50,050 - INFO - HTTP Request: POST https://api.moonshot.cn/v1/chat/completions "HTTP/1.1 200 OK"
2025-09-28 16:30:50,051 - INFO - Successfully processed word: forward 转寄；发送
2025-09-28 16:30:51,449 - INFO - HTTP Request: POST https://api.moonshot.cn/v1/chat/completions "HTTP/1.1 200 OK"
2025-09-28 16:30:51,449 - INFO - Successfully processed word: elaborate 详尽说明；详尽的；精心制作的
2025-09-28 16:30:52,171 - INFO - HTTP Request: POST https://api.moonshot.cn/v1/chat/completions "HTTP/1.1 200 OK"
2025-09-28 16:30:52,172 - INFO - Successfully processed word: jot down 略记下；匆匆记下
2025-09-28 16:30:52,591 - INFO - HTTP Request: POST https://api.moonshot.cn/v1/chat/completions "HTTP/1.1 200 OK"
2025-09-28 16:30:52,591 - INFO - Successfully processed word: demand 要求；强求
2025-09-28 16:30:53,916 - INFO - HTTP Request: POST https://api.moonshot.cn/v1/chat/completions "HTTP/1.1 200 OK"
2025-09-28 16:30:53,917 - INFO - Successfully processed word: corporate 全体的；团体的；公司的；法人的
2025-09-28 16:30:57,093 - INFO - HTTP Request: POST https://api.moonshot.cn/v1/chat/completions "HTTP/1.1 200 OK"
2025-09-28 16:30:57,094 - INFO - Successfully processed word: cross-reference 前后参照；（使）前后参照
2025-09-28 16:31:00,993 - INFO - HTTP Request: POST https://api.moonshot.cn/v1/chat/completions "HTTP/1.1 200 OK"
2025-09-28 16:31:00,994 - INFO - Successfully processed word: dispute 争端；争执；纠纷；
2025-09-28 16:31:01,209 - INFO - HTTP Request: POST https://api.moonshot.cn/v1/chat/completions "HTTP/1.1 200 OK"
2025-09-28 16:31:01,210 - INFO - Successfully processed word: letter of credit 信用状
2025-09-28 16:31:01,280 - INFO - HTTP Request: POST https://api.moonshot.cn/v1/chat/completions "HTTP/1.1 200 OK"
2025-09-28 16:31:01,280 - INFO - Successfully processed word: delegate 代表
2025-09-28 16:31:03,199 - INFO - HTTP Request: POST https://api.moonshot.cn/v1/chat/completions "HTTP/1.1 200 OK"
2025-09-28 16:31:03,200 - INFO - Successfully processed word: notify 通知；告知
2025-09-28 16:31:04,621 - INFO - Retrying request to /chat/completions in 0.419386 seconds
2025-09-28 16:31:07,300 - INFO - HTTP Request: POST https://api.moonshot.cn/v1/chat/completions "HTTP/1.1 200 OK"
2025-09-28 16:31:07,301 - INFO - Successfully processed word: response 回应
2025-09-28 16:31:07,746 - INFO - HTTP Request: POST https://api.moonshot.cn/v1/chat/completions "HTTP/1.1 200 OK"
2025-09-28 16:31:07,747 - INFO - Successfully processed word: publicity 公开；宣传；尽人皆知
2025-09-28 16:31:08,309 - INFO - HTTP Request: POST https://api.moonshot.cn/v1/chat/completions "HTTP/1.1 200 OK"
2025-09-28 16:31:08,310 - INFO - Successfully processed word: promote 发扬；晋升；促进
2025-09-28 16:31:08,321 - INFO - Retrying request to /chat/completions in 0.401705 seconds
2025-09-28 16:31:10,081 - INFO - HTTP Request: POST https://api.moonshot.cn/v1/chat/completions "HTTP/1.1 200 OK"
2025-09-28 16:31:10,081 - INFO - Successfully processed word: revise 修订；修改；校订
2025-09-28 16:31:11,011 - INFO - HTTP Request: POST https://api.moonshot.cn/v1/chat/completions "HTTP/1.1 200 OK"
2025-09-28 16:31:11,012 - INFO - Successfully processed word: negotiation 协商；谈判
2025-09-28 16:31:11,405 - INFO - HTTP Request: POST https://api.moonshot.cn/v1/chat/completions "HTTP/1.1 200 OK"
2025-09-28 16:31:11,406 - INFO - Successfully processed word: persuade 说服；劝服
2025-09-28 16:31:11,410 - INFO - HTTP Request: POST https://api.moonshot.cn/v1/chat/completions "HTTP/1.1 200 OK"
2025-09-28 16:31:11,410 - INFO - Successfully processed word: postpone 延迟；延期
2025-09-28 16:31:12,466 - INFO - HTTP Request: POST https://api.moonshot.cn/v1/chat/completions "HTTP/1.1 200 OK"
2025-09-28 16:31:12,466 - INFO - Successfully processed word: urgent 紧急的；急迫的
2025-09-28 16:31:12,650 - INFO - HTTP Request: POST https://api.moonshot.cn/v1/chat/completions "HTTP/1.1 200 OK"
2025-09-28 16:31:12,651 - INFO - Successfully processed word: reconcile 调和；调解
2025-09-28 16:31:14,107 - INFO - HTTP Request: POST https://api.moonshot.cn/v1/chat/completions "HTTP/1.1 200 OK"
2025-09-28 16:31:14,107 - INFO - Successfully processed word: slogan 口号；标语
2025-09-28 16:31:14,907 - INFO - HTTP Request: POST https://api.moonshot.cn/v1/chat/completions "HTTP/1.1 200 OK"
2025-09-28 16:31:14,907 - INFO - Successfully processed word: business meeting &
2025-09-28 16:31:17,922 - INFO - HTTP Request: POST https://api.moonshot.cn/v1/chat/completions "HTTP/1.1 200 OK"
2025-09-28 16:31:17,923 - INFO - Successfully processed word: alternative 可 供 选 择 的 事 物 、 方 式 等
2025-09-28 16:31:19,198 - INFO - HTTP Request: POST https://api.moonshot.cn/v1/chat/completions "HTTP/1.1 200 OK"
2025-09-28 16:31:19,199 - INFO - HTTP Request: POST https://api.moonshot.cn/v1/chat/completions "HTTP/1.1 200 OK"
2025-09-28 16:31:19,200 - INFO - Successfully processed word: negotiation 商务会议及谈判
2025-09-28 16:31:19,201 - INFO - Successfully processed word: settlement 协议；支付
2025-09-28 16:31:21,334 - WARNING - Attempt 1 failed for word 'stock 现货；存货': Request timed out.. Retrying...
2025-09-28 16:31:22,194 - INFO - HTTP Request: POST https://api.moonshot.cn/v1/chat/completions "HTTP/1.1 200 OK"
2025-09-28 16:31:22,195 - INFO - Successfully processed word: announce 通告；宣布；宣告；公诸于众
2025-09-28 16:31:22,919 - INFO - HTTP Request: POST https://api.moonshot.cn/v1/chat/completions "HTTP/1.1 200 OK"
2025-09-28 16:31:22,919 - INFO - Successfully processed word: agenda 议程
2025-09-28 16:31:24,593 - INFO - HTTP Request: POST https://api.moonshot.cn/v1/chat/completions "HTTP/1.1 200 OK"
2025-09-28 16:31:24,594 - INFO - Successfully processed word: affirm 坚称；声明；断言；确认
2025-09-28 16:31:26,922 - INFO - HTTP Request: POST https://api.moonshot.cn/v1/chat/completions "HTTP/1.1 200 OK"
2025-09-28 16:31:26,923 - INFO - Successfully processed word: asap=as soon as possible 越快越好
2025-09-28 16:31:29,566 - INFO - HTTP Request: POST https://api.moonshot.cn/v1/chat/completions "HTTP/1.1 200 OK"
2025-09-28 16:31:29,567 - INFO - Successfully processed word: articulate 能清楚有力表达思想感情的；表达能
2025-09-28 16:31:29,596 - INFO - HTTP Request: POST https://api.moonshot.cn/v1/chat/completions "HTTP/1.1 200 OK"
2025-09-28 16:31:29,597 - INFO - Successfully processed word: attorney 律师
2025-09-28 16:31:30,959 - INFO - Retrying request to /chat/completions in 0.864300 seconds
2025-09-28 16:31:31,992 - INFO - HTTP Request: POST https://api.moonshot.cn/v1/chat/completions "HTTP/1.1 200 OK"
2025-09-28 16:31:31,993 - INFO - Successfully processed word: breakthrough 突破；重大进展
2025-09-28 16:31:32,496 - INFO - HTTP Request: POST https://api.moonshot.cn/v1/chat/completions "HTTP/1.1 200 OK"
2025-09-28 16:31:32,497 - INFO - Successfully processed word: circular 广告；传单；通告
2025-09-28 16:31:32,785 - INFO - HTTP Request: POST https://api.moonshot.cn/v1/chat/completions "HTTP/1.1 200 OK"
2025-09-28 16:31:32,785 - INFO - Successfully processed word: banner 标语；旗帜
2025-09-28 16:31:33,109 - INFO - HTTP Request: POST https://api.moonshot.cn/v1/chat/completions "HTTP/1.1 200 OK"
2025-09-28 16:31:33,109 - INFO - Successfully processed word: terminology 专业术语；专有名词
2025-09-28 16:31:34,657 - INFO - HTTP Request: POST https://api.moonshot.cn/v1/chat/completions "HTTP/1.1 200 OK"
2025-09-28 16:31:34,658 - INFO - Successfully processed word: convene 集合；聚集；开会
2025-09-28 16:31:36,831 - INFO - HTTP Request: POST https://api.moonshot.cn/v1/chat/completions "HTTP/1.1 200 OK"
2025-09-28 16:31:36,832 - INFO - Successfully processed word: conclusive 决定性的；勿庸置疑的
2025-09-28 16:31:37,824 - INFO - HTTP Request: POST https://api.moonshot.cn/v1/chat/completions "HTTP/1.1 200 OK"
2025-09-28 16:31:37,824 - INFO - Successfully processed word: brainstorm 脑力激荡，集思广益
2025-09-28 16:31:40,432 - INFO - HTTP Request: POST https://api.moonshot.cn/v1/chat/completions "HTTP/1.1 200 OK"
2025-09-28 16:31:40,433 - INFO - Successfully processed word: confidential 秘密的；机密的
2025-09-28 16:31:43,429 - INFO - HTTP Request: POST https://api.moonshot.cn/v1/chat/completions "HTTP/1.1 200 OK"
2025-09-28 16:31:43,429 - INFO - Successfully processed word: composition 写作；作品；作文；作曲
2025-09-28 16:31:44,264 - INFO - Retrying request to /chat/completions in 0.460363 seconds
2025-09-28 16:31:44,373 - INFO - Retrying request to /chat/completions in 0.476185 seconds
2025-09-28 16:31:44,540 - INFO - HTTP Request: POST https://api.moonshot.cn/v1/chat/completions "HTTP/1.1 200 OK"
2025-09-28 16:31:44,541 - INFO - Successfully processed word: consensus 一致的意见；共识
2025-09-28 16:31:45,773 - INFO - HTTP Request: POST https://api.moonshot.cn/v1/chat/completions "HTTP/1.1 200 OK"
2025-09-28 16:31:45,774 - INFO - Successfully processed word: courier 递送急件的信差；邮物专递公司
2025-09-28 16:31:45,893 - INFO - HTTP Request: POST https://api.moonshot.cn/v1/chat/completions "HTTP/1.1 200 OK"
2025-09-28 16:31:45,893 - INFO - Successfully processed word: criterion 规范；标准
2025-09-28 16:31:50,725 - INFO - HTTP Request: POST https://api.moonshot.cn/v1/chat/completions "HTTP/1.1 200 OK"
2025-09-28 16:31:50,726 - INFO - Successfully processed word: enclose 装入；放入封套
2025-09-28 16:31:51,461 - INFO - Retrying request to /chat/completions in 0.479391 seconds
2025-09-28 16:31:52,188 - INFO - Retrying request to /chat/completions in 0.412552 seconds
2025-09-28 16:31:54,736 - INFO - HTTP Request: POST https://api.moonshot.cn/v1/chat/completions "HTTP/1.1 200 OK"
2025-09-28 16:31:54,737 - INFO - Successfully processed word: on behalf of 代表
2025-09-28 16:31:57,103 - INFO - Retrying request to /chat/completions in 0.477966 seconds
2025-09-28 16:31:58,069 - INFO - HTTP Request: POST https://api.moonshot.cn/v1/chat/completions "HTTP/1.1 200 OK"
2025-09-28 16:31:58,070 - INFO - Successfully processed word: inform 通知；告知
2025-09-28 16:31:58,669 - INFO - HTTP Request: POST https://api.moonshot.cn/v1/chat/completions "HTTP/1.1 200 OK"
2025-09-28 16:31:58,670 - INFO - Successfully processed word: diplomacy 外交手腕；交际手段
2025-09-28 16:31:59,713 - INFO - HTTP Request: POST https://api.moonshot.cn/v1/chat/completions "HTTP/1.1 200 OK"
2025-09-28 16:31:59,714 - INFO - Successfully processed word: proofread 校正；校对
2025-09-28 16:32:01,188 - INFO - HTTP Request: POST https://api.moonshot.cn/v1/chat/completions "HTTP/1.1 200 OK"
2025-09-28 16:32:01,189 - INFO - Successfully processed word: inquire 调查；询问
2025-09-28 16:32:01,215 - INFO - Retrying request to /chat/completions in 0.434346 seconds
2025-09-28 16:32:01,293 - INFO - Retrying request to /chat/completions in 0.421055 seconds
2025-09-28 16:32:02,350 - INFO - HTTP Request: POST https://api.moonshot.cn/v1/chat/completions "HTTP/1.1 200 OK"
2025-09-28 16:32:02,351 - INFO - Successfully processed word: legible （字迹）可以辨认的；易读的
2025-09-28 16:32:04,830 - INFO - HTTP Request: POST https://api.moonshot.cn/v1/chat/completions "HTTP/1.1 200 OK"
2025-09-28 16:32:04,831 - INFO - Successfully processed word: regarding 关于；有关
2025-09-28 16:32:07,318 - INFO - Retrying request to /chat/completions in 0.440369 seconds
2025-09-28 16:32:07,521 - INFO - HTTP Request: POST https://api.moonshot.cn/v1/chat/completions "HTTP/1.1 200 OK"
2025-09-28 16:32:07,522 - INFO - Successfully processed word: dissuade 劝阻
2025-09-28 16:32:09,645 - INFO - Retrying request to /chat/completions in 0.832108 seconds
2025-09-28 16:32:10,750 - INFO - HTTP Request: POST https://api.moonshot.cn/v1/chat/completions "HTTP/1.1 200 OK"
2025-09-28 16:32:10,751 - INFO - Successfully processed word: statement 声明；陈述
2025-09-28 16:32:11,028 - INFO - Retrying request to /chat/completions in 0.484457 seconds
2025-09-28 16:32:11,159 - INFO - HTTP Request: POST https://api.moonshot.cn/v1/chat/completions "HTTP/1.1 200 OK"
2025-09-28 16:32:11,159 - INFO - Successfully processed word: restate 再声明；重新叙述；（换一种方式）重说
2025-09-28 16:32:11,180 - INFO - HTTP Request: POST https://api.moonshot.cn/v1/chat/completions "HTTP/1.1 200 OK"
2025-09-28 16:32:11,181 - INFO - Successfully processed word: premise 前提
2025-09-28 16:32:11,418 - INFO - Retrying request to /chat/completions in 0.397138 seconds
2025-09-28 16:32:12,136 - INFO - HTTP Request: POST https://api.moonshot.cn/v1/chat/completions "HTTP/1.1 200 OK"
2025-09-28 16:32:12,136 - INFO - Successfully processed word: signature 签字；签名
2025-09-28 16:32:13,769 - INFO - HTTP Request: POST https://api.moonshot.cn/v1/chat/completions "HTTP/1.1 200 OK"
2025-09-28 16:32:13,770 - INFO - Successfully processed word: seminar 研讨会；讨论课；讲习会
2025-09-28 16:32:16,396 - INFO - HTTP Request: POST https://api.moonshot.cn/v1/chat/completions "HTTP/1.1 200 OK"
2025-09-28 16:32:16,397 - INFO - Successfully processed word: write-up 报告书
2025-09-28 16:32:18,390 - INFO - HTTP Request: POST https://api.moonshot.cn/v1/chat/completions "HTTP/1.1 200 OK"
2025-09-28 16:32:18,391 - INFO - Successfully processed word: brochure 小册子
2025-09-28 16:32:19,210 - INFO - Retrying request to /chat/completions in 0.466061 seconds
2025-09-28 16:32:19,589 - INFO - HTTP Request: POST https://api.moonshot.cn/v1/chat/completions "HTTP/1.1 200 OK"
2025-09-28 16:32:19,590 - INFO - Successfully processed word: boarding pass 登机牌
2025-09-28 16:32:20,069 - INFO - HTTP Request: POST https://api.moonshot.cn/v1/chat/completions "HTTP/1.1 200 OK"
2025-09-28 16:32:20,070 - INFO - Successfully processed word: accommodation 适应；住所；膳宿
2025-09-28 16:32:21,887 - INFO - HTTP Request: POST https://api.moonshot.cn/v1/chat/completions "HTTP/1.1 200 OK"
2025-09-28 16:32:21,887 - INFO - Successfully processed word: checkout 结帐退房的时间
2025-09-28 16:32:22,076 - INFO - HTTP Request: POST https://api.moonshot.cn/v1/chat/completions "HTTP/1.1 200 OK"
2025-09-28 16:32:22,301 - INFO - Successfully processed word: write up 详细写
2025-09-28 16:32:24,006 - INFO - HTTP Request: POST https://api.moonshot.cn/v1/chat/completions "HTTP/1.1 200 OK"
2025-09-28 16:32:24,007 - INFO - Successfully processed word: business meeting &
2025-09-28 16:32:25,604 - INFO - HTTP Request: POST https://api.moonshot.cn/v1/chat/completions "HTTP/1.1 200 OK"
2025-09-28 16:32:25,605 - INFO - Successfully processed word: customs 海关；关税
2025-09-28 16:32:28,278 - INFO - HTTP Request: POST https://api.moonshot.cn/v1/chat/completions "HTTP/1.1 200 OK"
2025-09-28 16:32:28,279 - INFO - Successfully processed word: check out 办理退房；结帐离?
2025-09-28 16:32:30,815 - INFO - HTTP Request: POST https://api.moonshot.cn/v1/chat/completions "HTTP/1.1 200 OK"
2025-09-28 16:32:30,816 - INFO - Successfully processed word: flight 飞行；航班；航程
2025-09-28 16:32:31,007 - INFO - HTTP Request: POST https://api.moonshot.cn/v1/chat/completions "HTTP/1.1 200 OK"
2025-09-28 16:32:31,008 - INFO - Successfully processed word: confirmation 确认
2025-09-28 16:32:31,735 - INFO - HTTP Request: POST https://api.moonshot.cn/v1/chat/completions "HTTP/1.1 200 OK"
2025-09-28 16:32:31,735 - INFO - Successfully processed word: packing 包装；打包
2025-09-28 16:32:33,117 - INFO - Retrying request to /chat/completions in 0.453085 seconds
2025-09-28 16:32:34,147 - INFO - HTTP Request: POST https://api.moonshot.cn/v1/chat/completions "HTTP/1.1 200 OK"
2025-09-28 16:32:34,148 - INFO - Successfully processed word: luxurious 奢华的；非常舒适的
2025-09-28 16:32:34,306 - INFO - HTTP Request: POST https://api.moonshot.cn/v1/chat/completions "HTTP/1.1 200 OK"
2025-09-28 16:32:34,307 - INFO - Successfully processed word: expedition 探险；远征队
2025-09-28 16:32:34,670 - INFO - Retrying request to /chat/completions in 0.385436 seconds
2025-09-28 16:32:35,861 - INFO - HTTP Request: POST https://api.moonshot.cn/v1/chat/completions "HTTP/1.1 200 OK"
2025-09-28 16:32:35,862 - INFO - Successfully processed word: itinerary 行程表；旅程
2025-09-28 16:32:41,525 - INFO - HTTP Request: POST https://api.moonshot.cn/v1/chat/completions "HTTP/1.1 200 OK"
2025-09-28 16:32:41,525 - INFO - Successfully processed word: stock 现货；存货
2025-09-28 16:32:41,839 - INFO - HTTP Request: POST https://api.moonshot.cn/v1/chat/completions "HTTP/1.1 200 OK"
2025-09-28 16:32:41,840 - INFO - Successfully processed word: lodge 小屋；旅馆
2025-09-28 16:32:45,323 - INFO - HTTP Request: POST https://api.moonshot.cn/v1/chat/completions "HTTP/1.1 200 OK"
2025-09-28 16:32:45,324 - INFO - Successfully processed word: compromise 妥协；折衷；和解
2025-09-28 16:32:45,496 - INFO - HTTP Request: POST https://api.moonshot.cn/v1/chat/completions "HTTP/1.1 200 OK"
2025-09-28 16:32:45,497 - INFO - Successfully processed word: converse 谈话；交谈
2025-09-28 16:32:45,775 - INFO - Retrying request to /chat/completions in 0.438245 seconds
2025-09-28 16:32:45,948 - INFO - HTTP Request: POST https://api.moonshot.cn/v1/chat/completions "HTTP/1.1 200 OK"
2025-09-28 16:32:45,949 - INFO - Successfully processed word: breathtaking 惊人的；惊艳的；惊险的
2025-09-28 16:32:47,437 - INFO - HTTP Request: POST https://api.moonshot.cn/v1/chat/completions "HTTP/1.1 200 OK"
2025-09-28 16:32:47,438 - INFO - Successfully processed word: suite （旅馆的）套房
2025-09-28 16:32:49,206 - INFO - HTTP Request: POST https://api.moonshot.cn/v1/chat/completions "HTTP/1.1 200 OK"
2025-09-28 16:32:49,207 - INFO - Successfully processed word: sightseeing 观光；游览
2025-09-28 16:32:50,067 - INFO - HTTP Request: POST https://api.moonshot.cn/v1/chat/completions "HTTP/1.1 200 OK"
2025-09-28 16:32:50,068 - INFO - Successfully processed word: valid 依法有效的；有效的
2025-09-28 16:32:50,738 - INFO - Retrying request to /chat/completions in 0.498142 seconds
2025-09-28 16:32:51,877 - INFO - HTTP Request: POST https://api.moonshot.cn/v1/chat/completions "HTTP/1.1 200 OK"
2025-09-28 16:32:51,878 - INFO - Successfully processed word: deluxe 豪华的；高级的
2025-09-28 16:32:52,638 - INFO - HTTP Request: POST https://api.moonshot.cn/v1/chat/completions "HTTP/1.1 200 OK"
2025-09-28 16:32:52,639 - INFO - Successfully processed word: reservation 预约；预订；保留
2025-09-28 16:32:53,587 - INFO - Retrying request to /chat/completions in 0.966977 seconds
2025-09-28 16:32:53,713 - INFO - HTTP Request: POST https://api.moonshot.cn/v1/chat/completions "HTTP/1.1 200 OK"
2025-09-28 16:32:53,714 - INFO - Successfully processed word: baggage claim 行李提领处
2025-09-28 16:32:56,751 - INFO - HTTP Request: POST https://api.moonshot.cn/v1/chat/completions "HTTP/1.1 200 OK"
2025-09-28 16:32:56,752 - INFO - Successfully processed word: concierge 管理员；门房
2025-09-28 16:32:57,216 - INFO - HTTP Request: POST https://api.moonshot.cn/v1/chat/completions "HTTP/1.1 200 OK"
2025-09-28 16:32:57,217 - INFO - Successfully processed word: carry-on 登机行李；手提行李
2025-09-28 16:32:58,571 - INFO - Retrying request to /chat/completions in 0.764521 seconds
2025-09-28 16:33:00,153 - INFO - HTTP Request: POST https://api.moonshot.cn/v1/chat/completions "HTTP/1.1 200 OK"
2025-09-28 16:33:00,154 - INFO - Successfully processed word: postage 邮资
2025-09-28 16:33:00,188 - INFO - HTTP Request: POST https://api.moonshot.cn/v1/chat/completions "HTTP/1.1 200 OK"
2025-09-28 16:33:00,189 - INFO - Successfully processed word: cruise 乘船游览
2025-09-28 16:33:00,220 - INFO - HTTP Request: POST https://api.moonshot.cn/v1/chat/completions "HTTP/1.1 200 OK"
2025-09-28 16:33:00,221 - INFO - Successfully processed word: layout 规划；设计；编排
2025-09-28 16:33:01,231 - INFO - HTTP Request: POST https://api.moonshot.cn/v1/chat/completions "HTTP/1.1 200 OK"
2025-09-28 16:33:01,231 - INFO - Successfully processed word: destination 目的地
2025-09-28 16:33:01,633 - INFO - HTTP Request: POST https://api.moonshot.cn/v1/chat/completions "HTTP/1.1 200 OK"
2025-09-28 16:33:01,634 - INFO - Successfully processed word: luggage 行李
2025-09-28 16:33:02,689 - INFO - Retrying request to /chat/completions in 0.853314 seconds
2025-09-28 16:33:02,689 - INFO - Retrying request to /chat/completions in 0.846799 seconds
2025-09-28 16:33:03,632 - INFO - HTTP Request: POST https://api.moonshot.cn/v1/chat/completions "HTTP/1.1 200 OK"
2025-09-28 16:33:03,633 - INFO - Successfully processed word: leaflet 传单
2025-09-28 16:33:03,848 - INFO - HTTP Request: POST https://api.moonshot.cn/v1/chat/completions "HTTP/1.1 200 OK"
2025-09-28 16:33:03,849 - INFO - Successfully processed word: overseas 在海外的，国外的（注意一般使用时都有s）
2025-09-28 16:33:08,460 - INFO - HTTP Request: POST https://api.moonshot.cn/v1/chat/completions "HTTP/1.1 200 OK"
2025-09-28 16:33:08,461 - INFO - Successfully processed word: petition 请愿（书）；请愿
2025-09-28 16:33:10,256 - INFO - HTTP Request: POST https://api.moonshot.cn/v1/chat/completions "HTTP/1.1 200 OK"
2025-09-28 16:33:10,257 - INFO - Successfully processed word: stationery 文具；信纸；信笺
2025-09-28 16:33:10,483 - INFO - HTTP Request: POST https://api.moonshot.cn/v1/chat/completions "HTTP/1.1 200 OK"
2025-09-28 16:33:10,483 - INFO - Successfully processed word: fasten 系紧；拴住；扣住
2025-09-28 16:33:11,759 - INFO - HTTP Request: POST https://api.moonshot.cn/v1/chat/completions "HTTP/1.1 200 OK"
2025-09-28 16:33:11,860 - INFO - Successfully processed word: passenger 乘客；旅客
2025-09-28 16:33:12,140 - INFO - Retrying request to /chat/completions in 0.409679 seconds
2025-09-28 16:33:12,230 - INFO - HTTP Request: POST https://api.moonshot.cn/v1/chat/completions "HTTP/1.1 200 OK"
2025-09-28 16:33:12,231 - INFO - Successfully processed word: flight attendant 空中服务员
2025-09-28 16:33:13,951 - INFO - HTTP Request: POST https://api.moonshot.cn/v1/chat/completions "HTTP/1.1 200 OK"
2025-09-28 16:33:13,951 - INFO - Successfully processed word: jet lag 时差
2025-09-28 16:33:15,798 - INFO - HTTP Request: POST https://api.moonshot.cn/v1/chat/completions "HTTP/1.1 200 OK"
2025-09-28 16:33:15,799 - INFO - Successfully processed word: vacant 空的，未被占用的
2025-09-28 16:33:18,017 - INFO - HTTP Request: POST https://api.moonshot.cn/v1/chat/completions "HTTP/1.1 200 OK"
2025-09-28 16:33:18,018 - INFO - Successfully processed word: round-trip 来回的，双程的
2025-09-28 16:33:19,522 - INFO - HTTP Request: POST https://api.moonshot.cn/v1/chat/completions "HTTP/1.1 200 OK"
2025-09-28 16:33:19,523 - INFO - Successfully processed word: stopover 中途停留
2025-09-28 16:33:19,566 - INFO - HTTP Request: POST https://api.moonshot.cn/v1/chat/completions "HTTP/1.1 200 OK"
2025-09-28 16:33:19,566 - INFO - Successfully processed word: en route 在途中
2025-09-28 16:33:20,086 - INFO - Retrying request to /chat/completions in 0.399119 seconds
2025-09-28 16:33:22,629 - INFO - HTTP Request: POST https://api.moonshot.cn/v1/chat/completions "HTTP/1.1 200 OK"
2025-09-28 16:33:22,631 - INFO - Successfully processed word: porter 脚夫；门房
2025-09-28 16:33:23,296 - INFO - HTTP Request: POST https://api.moonshot.cn/v1/chat/completions "HTTP/1.1 200 OK"
2025-09-28 16:33:23,297 - INFO - Successfully processed word: ample 广大的；宽敞的；充足的
2025-09-28 16:33:23,462 - INFO - HTTP Request: POST https://api.moonshot.cn/v1/chat/completions "HTTP/1.1 200 OK"
2025-09-28 16:33:23,463 - INFO - Successfully processed word: voyage 旅行；航行
2025-09-28 16:33:23,981 - INFO - HTTP Request: POST https://api.moonshot.cn/v1/chat/completions "HTTP/1.1 200 OK"
2025-09-28 16:33:23,982 - INFO - Successfully processed word: decent 合宜的；得体的；适当的
2025-09-28 16:33:26,311 - INFO - HTTP Request: POST https://api.moonshot.cn/v1/chat/completions "HTTP/1.1 200 OK"
2025-09-28 16:33:26,312 - INFO - Successfully processed word: absurd 荒谬的；不合理的；违反常理的
2025-09-28 16:33:26,596 - INFO - HTTP Request: POST https://api.moonshot.cn/v1/chat/completions "HTTP/1.1 200 OK"
2025-09-28 16:33:26,597 - INFO - Successfully processed word: adequate 足够的；适当的
2025-09-28 16:33:28,213 - INFO - HTTP Request: POST https://api.moonshot.cn/v1/chat/completions "HTTP/1.1 200 OK"
2025-09-28 16:33:28,214 - INFO - Successfully processed word: dreadful 令人恐怖的；令人害怕的
2025-09-28 16:33:30,158 - INFO - HTTP Request: POST https://api.moonshot.cn/v1/chat/completions "HTTP/1.1 200 OK"
2025-09-28 16:33:30,159 - INFO - Successfully processed word: exceptional 异常的；例外的；特别优秀
2025-09-28 16:33:30,239 - INFO - HTTP Request: POST https://api.moonshot.cn/v1/chat/completions "HTTP/1.1 200 OK"
2025-09-28 16:33:30,240 - INFO - Successfully processed word: in light of 按照；根据
2025-09-28 16:33:31,787 - INFO - HTTP Request: POST https://api.moonshot.cn/v1/chat/completions "HTTP/1.1 200 OK"
2025-09-28 16:33:31,787 - INFO - Successfully processed word: peak season 旺季
2025-09-28 16:33:31,888 - INFO - HTTP Request: POST https://api.moonshot.cn/v1/chat/completions "HTTP/1.1 200 OK"
2025-09-28 16:33:31,921 - INFO - Successfully processed word: departure 离开；出发
2025-09-28 16:33:35,208 - INFO - HTTP Request: POST https://api.moonshot.cn/v1/chat/completions "HTTP/1.1 200 OK"
2025-09-28 16:33:35,210 - INFO - Successfully processed word: exquisite 精细的；精美的；敏锐的；细致的
2025-09-28 16:33:38,965 - INFO - HTTP Request: POST https://api.moonshot.cn/v1/chat/completions "HTTP/1.1 200 OK"
2025-09-28 16:33:38,966 - INFO - Successfully processed word: farfetched 牵强的；不大可信的；不自然的
2025-09-28 16:33:39,402 - INFO - HTTP Request: POST https://api.moonshot.cn/v1/chat/completions "HTTP/1.1 200 OK"
2025-09-28 16:33:39,403 - INFO - Successfully processed word: ingenious 有巧思的；有创意的；灵敏的
2025-09-28 16:33:42,781 - INFO - HTTP Request: POST https://api.moonshot.cn/v1/chat/completions "HTTP/1.1 200 OK"
2025-09-28 16:33:42,782 - INFO - Successfully processed word: temporary 暂时的临时的
2025-09-28 16:33:43,019 - INFO - HTTP Request: POST https://api.moonshot.cn/v1/chat/completions "HTTP/1.1 200 OK"
2025-09-28 16:33:43,020 - INFO - Successfully processed word: moderate 中等的；适度的；有节制的；温和的
2025-09-28 16:33:43,217 - INFO - HTTP Request: POST https://api.moonshot.cn/v1/chat/completions "HTTP/1.1 200 OK"
2025-09-28 16:33:43,219 - INFO - Successfully processed word: 不注意的；不在意的
2025-09-28 16:33:43,500 - INFO - HTTP Request: POST https://api.moonshot.cn/v1/chat/completions "HTTP/1.1 200 OK"
2025-09-28 16:33:43,501 - INFO - Successfully processed word: oblivious 遗忘的；遗忘的；
2025-09-28 16:33:43,501 - INFO - HTTP Request: POST https://api.moonshot.cn/v1/chat/completions "HTTP/1.1 200 OK"
2025-09-28 16:33:43,560 - INFO - Successfully processed word: instant 立即的；（食品）快速方便的
2025-09-28 16:33:45,276 - INFO - HTTP Request: POST https://api.moonshot.cn/v1/chat/completions "HTTP/1.1 200 OK"
2025-09-28 16:33:45,277 - INFO - Successfully processed word: random 随便的；无目的的
2025-09-28 16:33:45,425 - INFO - HTTP Request: POST https://api.moonshot.cn/v1/chat/completions "HTTP/1.1 200 OK"
2025-09-28 16:33:45,426 - INFO - Successfully processed word: draft 草稿；汇票
2025-09-28 16:33:46,708 - INFO - HTTP Request: POST https://api.moonshot.cn/v1/chat/completions "HTTP/1.1 200 OK"
2025-09-28 16:33:46,708 - INFO - Successfully processed word: substantially 相当大的；基本上；本质的
2025-09-28 16:33:47,475 - INFO - HTTP Request: POST https://api.moonshot.cn/v1/chat/completions "HTTP/1.1 200 OK"
2025-09-28 16:33:47,476 - INFO - Successfully processed word: motel 汽车旅馆
2025-09-28 16:33:48,480 - INFO - HTTP Request: POST https://api.moonshot.cn/v1/chat/completions "HTTP/1.1 200 OK"
2025-09-28 16:33:48,481 - INFO - Successfully processed word: relevant 有关的；切题的；有实际价值或重要性的
2025-09-28 16:33:48,912 - INFO - HTTP Request: POST https://api.moonshot.cn/v1/chat/completions "HTTP/1.1 200 OK"
2025-09-28 16:33:48,913 - INFO - Successfully processed word: legitimate 合法的；正当的；婚生的
2025-09-28 16:33:49,779 - INFO - HTTP Request: POST https://api.moonshot.cn/v1/chat/completions "HTTP/1.1 200 OK"
2025-09-28 16:33:49,780 - INFO - Successfully processed word: versatile 多 才 多 艺 的
2025-09-28 16:33:49,823 - INFO - HTTP Request: POST https://api.moonshot.cn/v1/chat/completions "HTTP/1.1 200 OK"
2025-09-28 16:33:49,824 - INFO - Successfully processed word: accurate 准确的；正确无误的；精确的
2025-09-28 16:33:49,848 - INFO - HTTP Request: POST https://api.moonshot.cn/v1/chat/completions "HTTP/1.1 200 OK"
2025-09-28 16:33:49,849 - INFO - Successfully processed word: unprecedented 史无前例的；空前的
2025-09-28 16:33:50,167 - INFO - HTTP Request: POST https://api.moonshot.cn/v1/chat/completions "HTTP/1.1 200 OK"
2025-09-28 16:33:50,168 - INFO - Successfully processed word: issue 流出；放出；发行；发布
2025-09-28 16:33:52,054 - INFO - HTTP Request: POST https://api.moonshot.cn/v1/chat/completions "HTTP/1.1 200 OK"
2025-09-28 16:33:52,055 - INFO - Successfully processed word: approximately 大约；大概
2025-09-28 16:33:52,555 - INFO - HTTP Request: POST https://api.moonshot.cn/v1/chat/completions "HTTP/1.1 200 OK"
2025-09-28 16:33:52,556 - INFO - Successfully processed word: decline 衰落；衰退；下降
2025-09-28 16:33:52,927 - INFO - HTTP Request: POST https://api.moonshot.cn/v1/chat/completions "HTTP/1.1 200 OK"
2025-09-28 16:33:52,928 - INFO - Successfully processed word: dynamic 充满活力的；动力的
2025-09-28 16:33:56,131 - INFO - HTTP Request: POST https://api.moonshot.cn/v1/chat/completions "HTTP/1.1 200 OK"
2025-09-28 16:33:56,250 - INFO - Successfully processed word: excessive 过多的；过度的；过分的
2025-09-28 16:33:57,624 - INFO - HTTP Request: POST https://api.moonshot.cn/v1/chat/completions "HTTP/1.1 200 OK"
2025-09-28 16:33:57,625 - INFO - Successfully processed word: distinctive 与众不同的；有特色的；显著的
2025-09-28 16:33:59,227 - INFO - HTTP Request: POST https://api.moonshot.cn/v1/chat/completions "HTTP/1.1 200 OK"
2025-09-28 16:33:59,228 - WARNING - Attempt 1 failed for word 'fragile 易碎的；易损坏的；脆弱的': 'str' object has no attribute 'choices'. Retrying...
2025-09-28 16:33:59,992 - INFO - HTTP Request: POST https://api.moonshot.cn/v1/chat/completions "HTTP/1.1 200 OK"
2025-09-28 16:33:59,992 - INFO - Successfully processed word: on and off 断断续续的；偶尔；有时
2025-09-28 16:34:00,052 - INFO - HTTP Request: POST https://api.moonshot.cn/v1/chat/completions "HTTP/1.1 200 OK"
2025-09-28 16:34:00,053 - INFO - Successfully processed word: inferior 品质差的；下等的；下级的
2025-09-28 16:34:02,553 - INFO - HTTP Request: POST https://api.moonshot.cn/v1/chat/completions "HTTP/1.1 200 OK"
2025-09-28 16:34:02,554 - INFO - Successfully processed word: initial 开始的；最初的
2025-09-28 16:34:02,681 - INFO - HTTP Request: POST https://api.moonshot.cn/v1/chat/completions "HTTP/1.1 200 OK"
2025-09-28 16:34:02,682 - INFO - Successfully processed word: rapid 迅速的；快速的；快的
2025-09-28 16:34:02,731 - INFO - HTTP Request: POST https://api.moonshot.cn/v1/chat/completions "HTTP/1.1 200 OK"
2025-09-28 16:34:02,732 - INFO - Successfully processed word: demonstration 示范；实证；（游行）示威
2025-09-28 16:34:03,310 - INFO - HTTP Request: POST https://api.moonshot.cn/v1/chat/completions "HTTP/1.1 200 OK"
2025-09-28 16:34:03,311 - INFO - Successfully processed word: metal detector 金属探测器
2025-09-28 16:34:03,640 - INFO - Retrying request to /chat/completions in 0.397011 seconds
2025-09-28 16:34:03,940 - INFO - HTTP Request: POST https://api.moonshot.cn/v1/chat/completions "HTTP/1.1 200 OK"
2025-09-28 16:34:03,941 - INFO - Successfully processed word: exotic 异国风情的；异国的
2025-09-28 16:34:05,814 - INFO - HTTP Request: POST https://api.moonshot.cn/v1/chat/completions "HTTP/1.1 200 OK"
2025-09-28 16:34:05,820 - INFO - Successfully processed word: sufficient 足够的
2025-09-28 16:34:06,356 - INFO - HTTP Request: POST https://api.moonshot.cn/v1/chat/completions "HTTP/1.1 200 OK"
2025-09-28 16:34:06,357 - INFO - Successfully processed word: miscellaneous 不同种类的；各式各样的；混杂的
2025-09-28 16:34:07,493 - INFO - HTTP Request: POST https://api.moonshot.cn/v1/chat/completions "HTTP/1.1 200 OK"
2025-09-28 16:34:07,494 - INFO - Successfully processed word: ultimately 最后；最终
2025-09-28 16:34:08,559 - INFO - HTTP Request: POST https://api.moonshot.cn/v1/chat/completions "HTTP/1.1 200 OK"
2025-09-28 16:34:08,560 - INFO - Successfully processed word: vague 含糊不清的；模糊不清的
2025-09-28 16:34:11,868 - INFO - Retrying request to /chat/completions in 0.491283 seconds
2025-09-28 16:34:12,909 - INFO - HTTP Request: POST https://api.moonshot.cn/v1/chat/completions "HTTP/1.1 200 OK"
2025-09-28 16:34:12,910 - INFO - Successfully processed word: self-explanatory 不需要加以说明的；不言自明的
2025-09-28 16:34:18,033 - INFO - Retrying request to /chat/completions in 0.469083 seconds
2025-09-28 16:34:19,578 - INFO - Retrying request to /chat/completions in 0.393944 seconds
2025-09-28 16:34:28,217 - INFO - Retrying request to /chat/completions in 0.392979 seconds
2025-09-28 16:34:48,639 - INFO - HTTP Request: POST https://api.moonshot.cn/v1/chat/completions "HTTP/1.1 200 OK"
2025-09-28 16:34:48,640 - INFO - Successfully processed word: fragile 易碎的；易损坏的；脆弱的
2025-09-28 16:34:49,193 - INFO - HTTP Request: POST https://api.moonshot.cn/v1/chat/completions "HTTP/1.1 200 OK"
2025-09-28 16:34:49,194 - INFO - Successfully processed word: alert 警觉的；留心的；机警的；敏捷的
2025-09-28 16:34:54,013 - INFO - HTTP Request: POST https://api.moonshot.cn/v1/chat/completions "HTTP/1.1 200 OK"
2025-09-28 16:34:54,014 - INFO - Successfully processed word: extraordinary 特别的；格外的；值得注意的
2025-09-28 16:35:06,007 - INFO - HTTP Request: POST https://api.moonshot.cn/v1/chat/completions "HTTP/1.1 200 OK"
2025-09-28 16:35:06,009 - INFO - Successfully processed word: noteworthy 值得注意的；显著的
2025-09-28 16:35:08,296 - INFO - HTTP Request: POST https://api.moonshot.cn/v1/chat/completions "HTTP/1.1 200 OK"
2025-09-28 16:35:08,297 - INFO - Successfully processed word: irresistible 极为诱人的；无法抗拒的
2025-09-28 16:35:13,731 - INFO - HTTP Request: POST https://api.moonshot.cn/v1/chat/completions "HTTP/1.1 200 OK"
2025-09-28 16:35:13,732 - INFO - Successfully processed word: vivid 生龙活虎的；鲜艳的；鲜明
2025-09-28 16:35:14,237 - INFO - 多线程处理完成！成功: 834, 失败: 3, 总计: 837
2025-09-28 16:35:14,237 - INFO - 总耗时: 1494.55秒, 平均: 1.79秒/词
